CASO NÚMERO,ESTADO DEL CASO,COORDENADAS , EXHUMACION,ESTADO DEL PROCESO,DEPARTAMENTO,MUNICIPIO,LATITUD,LONGITUD,COORDENADAS
CIH-0001-14,PEND.RESULT.GENETICA,"-76,74591667","5,224833333",IDENTIF_NO_ENTREGADO,CHOCÓ,ISTMINA,5.224833333,-76.74591667,"5.224833333,-76.74591667"
CIH-0001-15,CERRADO,"-75,9052778","6,43722222",IDENTIF_ENTREGADO,ANTIOQUIA,MEDELLÍN,6.43722222,-75.9052778,"6.43722222,-75.9052778"
CIH-0001-17,PEND.RESULT.GENETICA,-75.426944,"5,79055",NO_IDENTIFICADO,ANTIOQUIA,ABEJORRAL,5.79055,-75.426944,"5.79055,-75.426944"
CIH-0002-14,CERRADO,"-76,7451667","5,224833333",,CHOCÓ,ISTMINA,5.224833333,-76.7451667,"5.224833333,-76.7451667"
CIH-0002-15,CERRADO,"-75,9052778","6,43722222",,ANTIOQUIA,MEDELLÍN,6.43722222,-75.9052778,"6.43722222,-75.9052778"
CIH-0002-16,CERRADO,"-76,4582778","8,23116667",IDENTIF_ENTREGADO,ANTIOQUIA,TURBO,8.23116667,-76.4582778,"8.23116667,-76.4582778"
CIH-0002-17,PEND.RESULT.GENETICA,-75.426944,"5,79055",NO_IDENTIFICADO,ANTIOQUIA,ABEJORRAL,5.79055,-75.426944,"5.79055,-75.426944"
CIH-0003-14,PEND.RESULT.GENETICA,"-75,23794444","5,603805556",NO_IDENTIFICADO,ANTIOQUIA,NARIÑO,5.603805556,-75.23794444,"5.603805556,-75.23794444"
CIH-0003-15,CERRADO,"-76,28861111 ","8,428611111",NO_IDENTIFICADO,ANTIOQUIA,SAN PEDRO DE URABA,8.428611111,-76.28861111 ,"8.428611111,-76.28861111 "
CIH-0003-16,CERRADO,"-76,4582778","8,23116667",,ANTIOQUIA,TURBO,8.23116667,-76.4582778,"8.23116667,-76.4582778"
CIH-0003-17,CERRADO,"-75,6860278","6,20369444",IDENTIF_ENTREGADO,ANTIOQUIA,MEDELLÍN,6.20369444,-75.6860278,"6.20369444,-75.6860278"
CIH-0004-14,CERRADO,"-75,51188333","7,644616667",IDENTIF_ENTREGADO,ANTIOQUIA,TARAZÁ,7.644616667,-75.51188333,"7.644616667,-75.51188333"
CIH-0004-15,CERRADO,"-76,60883333","8,360833333",,ANTIOQUIA,NECOCLÍ,8.360833333,-76.60883333,"8.360833333,-76.60883333"
CIH-0004-16,CERRADO,"-74,8015139","6,07927778",IDENTIF_ENTREGADO,ANTIOQUIA,SAN LUIS,6.07927778,-74.8015139,"6.07927778,-74.8015139"
CIH-0004-17,PEND.RESULT.GENETICA,"-75,9155556","6,05625",NO_IDENTIFICADO,ANTIOQUIA,BETULIA,6.05625,-75.9155556,"6.05625,-75.9155556"
CIH-0005-14,CERRADO,"-75,51188333","7,644616667",,ANTIOQUIA,TARAZÁ,7.644616667,-75.51188333,"7.644616667,-75.51188333"
CIH-0005-15,CERRADO,"-76,65716667","8,341972222",,ANTIOQUIA,NECOCLÍ,8.341972222,-76.65716667,"8.341972222,-76.65716667"
CIH-0005-16,CERRADO,"-74,8015139","6,07927778",,ANTIOQUIA,SAN LUIS,6.07927778,-74.8015139,"6.07927778,-74.8015139"
CIH-0005-17,PEND.RESULT.GENETICA,"-75,9155556","6,05625",NO_IDENTIFICADO,ANTIOQUIA,BETULIA,6.05625,-75.9155556,"6.05625,-75.9155556"
CIH-0006-14,CERRADO,"-75,40675","6,40236111",IDENTIF_ENTREGADO,ANTIOQUIA,COCORNÁ,6.40236111,-75.40675,"6.40236111,-75.40675"
CIH-0006-15,CERRADO,"-76,28861111 ","8,428611111",MUESTRA,ANTIOQUIA,SAN PEDRO DE URABA,8.428611111,-76.28861111 ,"8.428611111,-76.28861111 "
CIH-0006-16,CERRADO,"-76,2691389","7,00347222",IDENTIF_ENTREGADO,ANTIOQUIA,DABEIBA,7.00347222,-76.2691389,"7.00347222,-76.2691389"
CIH-0006-17,CERRADO,"-74,9315693","6,15816389",,ANTIOQUIA,SAN CARLOS,6.15816389,-74.9315693,"6.15816389,-74.9315693"
CIH-0007-14,CERRADO,"-75,40888889","6,104166667",IDENTIF_ENTREGADO,ANTIOQUIA,YARUMAL,6.104166667,-75.40888889,"6.104166667,-75.40888889"
CIH-0007-15,CERRADO,"-77,49222222","6,806388889",IDENTIF_ENTREGADO,CHOCÓ,BAHÍA SOLANO,6.806388889,-77.49222222,"6.806388889,-77.49222222"
CIH-0007-16,CERRADO,"-76,2691389","7,00347222",,ANTIOQUIA,DABEIBA,7.00347222,-76.2691389,"7.00347222,-76.2691389"
CIH-0007-17,CERRADO,-75.426944,"5,79055",,ANTIOQUIA,ABEJORRAL,5.79055,-75.426944,"5.79055,-75.426944"
CIH-0008-14,CERRADO,"-76,30638889","8,373611111",,ANTIOQUIA,SAN PEDRO DE URABA,8.373611111,-76.30638889,"8.373611111,-76.30638889"
CIH-0008-15,CERRADO,"-76,82583333","5,120833333",IDENTIF_ENTREGADO,CHOCÓ,MEDIO BAUDÓ,5.120833333,-76.82583333,"5.120833333,-76.82583333"
CIH-0008-16,CERRADO,"-75,52388","5,9447222",IDENTIF_ENTREGADO,ANTIOQUIA,MONTEBELLO,5.9447222,-75.52388,"5.9447222,-75.52388"
CIH-0008-17,CERRADO,"-75,085","6,59488889",IDENTIF_ENTREGADO,ANTIOQUIA,AMALFI,6.59488889,-75.085,"6.59488889,-75.085"
CIH-0009-14,CERRADO,"-76,30638889","8,373611111",,ANTIOQUIA,SAN PEDRO DE URABA,8.373611111,-76.30638889,"8.373611111,-76.30638889"
CIH-0009-15,CERRADO,"-77,76833333","7,110833333",NO_IDENTIFICADO,CHOCÓ,JURADÓ,7.110833333,-77.76833333,"7.110833333,-77.76833333"
CIH-0009-16,PEND.RESULT.GENETICA,"-76,5983333","7,27177778",NO_IDENTIF_EN_PROCES,CHOCÓ,CARMEN DEL DARIEN,7.27177778,-76.5983333,"7.27177778,-76.5983333"
CIH-0009-17,CERRADO,"-75,085","6,59488889",MUESTRA,ANTIOQUIA,AMALFI,6.59488889,-75.085,"6.59488889,-75.085"
CIH-0010-14,CERRADO,"-75,40675","6,40236111",,ANTIOQUIA,COCORNÁ,6.40236111,-75.40675,"6.40236111,-75.40675"
CIH-0010-15,CERRADO,"-76,5657778","8,46536111",NO_IDENTIFICADO,ANTIOQUIA,NECOCLÍ,8.46536111,-76.5657778,"8.46536111,-76.5657778"
CIH-0010-16,CERRADO,"-76,3","7,25741667",IDENTIF_ENTREGADO,CHOCÓ,CARMEN DEL DARIEN,7.25741667,-76.3,"7.25741667,-76.3"
CIH-0010-17,CERRADO,"-74,8544722","6,63880556",IDENTIF_ENTREGADO,ANTIOQUIA,YOLOMBÓ,6.63880556,-74.8544722,"6.63880556,-74.8544722"
CIH-0011-14,PEND.RESULT.GENETICA,"-75,78777778","7,03",NO_IDENTIFICADO,ANTIOQUIA,SABANALARGA,7.03,-75.78777778,"7.03,-75.78777778"
CIH-0011-15,CERRADO,"-75,4516667","7,60222222",IDENTIF_ENTREGADO,ANTIOQUIA,VALDIVIA,7.60222222,-75.4516667,"7.60222222,-75.4516667"
CIH-0011-16,PEND.RESULT.GENETICA,"-76,6321389","7,25705556",IDENTIF_NO_ENTREGADO,CHOCÓ,CARMEN DEL DARIEN,7.25705556,-76.6321389,"7.25705556,-76.6321389"
CIH-0011-17,CERRADO,"-75,9164167","6,80588889",IDENTIF_ENTREGADO,ANTIOQUIA,BURITICÁ,6.80588889,-75.9164167,"6.80588889,-75.9164167"
CIH-0012-14,CERRADO,"-75,79611111","7,024166667",NO_IDENTIFICADO,ANTIOQUIA,SABANALARGA,7.024166667,-75.79611111,"7.024166667,-75.79611111"
CIH-0012-15,CERRADO,"-75,4516667 ","7,60222222",,ANTIOQUIA,VALDIVIA,7.60222222,-75.4516667 ,"7.60222222,-75.4516667 "
CIH-0012-16,CERRADO,"-76,6338056","7,25825",IDENTIF_ENTREGADO,CHOCÓ,CARMEN DEL DARIEN,7.25825,-76.6338056,"7.25825,-76.6338056"
CIH-0012-17,PEND.RESULT.GENETICA,"-75,9164767","6,80588889",NO_IDENTIFICADO,ANTIOQUIA,BURITICÁ,6.80588889,-75.9164767,"6.80588889,-75.9164767"
CIH-0013-14,CERRADO,"-75,79611111","7,024166667",IDENTIF_NO_ENTREGADO,ANTIOQUIA,SABANALARGA,7.024166667,-75.79611111,"7.024166667,-75.79611111"
CIH-0013-15,CERRADO,"-74,8702778","7,48916667",IDENTIF_ENTREGADO,ANTIOQUIA,ZARAGOZA,7.48916667,-74.8702778,"7.48916667,-74.8702778"
CIH-0013-16,CERRADO,"-76,63338056","7,25825",IDENTIF_ENTREGADO,CHOCÓ,CARMEN DEL DARIEN,7.25825,-76.63338056,"7.25825,-76.63338056"
CIH-0013-17,CERRADO,"-75,9164167","6,80588889",MUESTRA,ANTIOQUIA,BURITICÁ,6.80588889,-75.9164167,"6.80588889,-75.9164167"
CIH-0014-14,PEND.RESULT.GENETICA,"-75,78777778","7,03",NO_IDENTIFICADO,ANTIOQUIA,SABANALARGA,7.03,-75.78777778,"7.03,-75.78777778"
CIH-0014-15,CERRADO,"-74,8702778 ","7,48916667",,ANTIOQUIA,ZARAGOZA,7.48916667,-74.8702778 ,"7.48916667,-74.8702778 "
CIH-0014-16,PEND.RESULT.GENETICA,"-75,8336111","7,69041667",NO_IDENTIFICADO,ANTIOQUIA,PEQUE,7.69041667,-75.8336111,"7.69041667,-75.8336111"
CIH-0014-17,CERRADO,"-75,9164167","6,80588889",IDENTIF_ENTREGADO,ANTIOQUIA,BURITICÁ,6.80588889,-75.9164167,"6.80588889,-75.9164167"
CIH-0015-14,CERRADO,"-75,78777778","7,03",NO_IDENTIFICADO,ANTIOQUIA,SABANALARGA,7.03,-75.78777778,"7.03,-75.78777778"
CIH-0015-15,CERRADO,"-74,7844444","7,72888889",IDENTIF_NO_ENTREGADO,ANTIOQUIA,CAUCASIA,7.72888889,-74.7844444,"7.72888889,-74.7844444"
CIH-0015-16,PEND.RESULT.GENETICA,"-75,8313583","7,690000583",NO_IDENTIFICADO,ANTIOQUIA,SABANALARGA,7.690000583,-75.8313583,"7.690000583,-75.8313583"
CIH-0015-17,CERRADO,"-75,9164167","6,80588889",NO_IDENTIF_EN_PROCES,ANTIOQUIA,BURITICÁ,6.80588889,-75.9164167,"6.80588889,-75.9164167"
CIH-0016-14,CERRADO,"-75,78777778","7,690000583",NO_IDENTIFICADO,ANTIOQUIA,SABANALARGA,7.690000583,-75.78777778,"7.690000583,-75.78777778"
CIH-0016-15,CERRADO,"-74,80611111","7,5975",IDENTIF_ENTREGADO,ANTIOQUIA,EL BAGRE,7.5975,-74.80611111,"7.5975,-74.80611111"
CIH-0016-16,PEND.RESULT.GENETICA,"-75,8313583","6,90133056",NO_IDENTIFICADO,ANTIOQUIA,SABANALARGA,6.90133056,-75.8313583,"6.90133056,-75.8313583"
CIH-0016-17,CERRADO,"-75,085","6,59488889",,ANTIOQUIA,AMALFI,6.59488889,-75.085,"6.59488889,-75.085"
CIH-0017-14,CERRADO,"-75,78777778","6,84833",IDENTIF_ENTREGADO,ANTIOQUIA,SABANALARGA,6.84833,-75.78777778,"6.84833,-75.78777778"
CIH-0017-15,CERRADO,"-74,7844444","7,72888889",IDENTIF_ENTREGADO,ANTIOQUIA,CAUCASIA,7.72888889,-74.7844444,"7.72888889,-74.7844444"
CIH-0017-16,CERRADO,"-75,8313583","6,90133056",IDENTIF_ENTREGADO,ANTIOQUIA,SABANALARGA,6.90133056,-75.8313583,"6.90133056,-75.8313583"
CIH-0017-17,PEND.RESULT.GENETICA,"-75,9052778","6,43722222",,ANTIOQUIA,MEDELLÍN,6.43722222,-75.9052778,"6.43722222,-75.9052778"
CIH-0018-14,CERRADO,"-75,40888889","6,104166667",,ANTIOQUIA,YARUMAL,6.104166667,-75.40888889,"6.104166667,-75.40888889"
CIH-0018-15,CERRADO,"-74,7844444 ","7,72888889",,ANTIOQUIA,CAUCASIA,7.72888889,-74.7844444 ,"7.72888889,-74.7844444 "
CIH-0018-16,PEND.RESULT.GENETICA,"-75,3392222","7,28175",NO_IDENTIFICADO,ANTIOQUIA,VALDIVIA,7.28175,-75.3392222,"7.28175,-75.3392222"
CIH-0018-17,PEND.RESULT.GENETICA,"-75,418","7,97711",IDENTIF_NO_ENTREGADO,CÓRDOBA,MONTELÍBANO,7.97711,-75.418,"7.97711,-75.418"
CIH-0019-14,CERRADO,"-74,94836111","6,310722222",NO_IDENTIFICADO,ANTIOQUIA,SAN RAFAEL,6.310722222,-74.94836111,"6.310722222,-74.94836111"
CIH-0019-15,CERRADO,"-75,3463889","7,57972222",IDENTIF_ENTREGADO,ANTIOQUIA,CÁCERES,7.57972222,-75.3463889,"7.57972222,-75.3463889"
CIH-0019-16,CERRADO,"-75,37675","5,95955556",IDENTIF_ENTREGADO,ANTIOQUIA,LA UNIÓN,5.95955556,-75.37675,"5.95955556,-75.37675"
CIH-0019-17,CERRADO,"-75,418","7,9711",,CÓRDOBA,MONTELÍBANO,7.9711,-75.418,"7.9711,-75.418"
CIH-0020-14,CERRADO,"-74,9355","6,163138889",NO_IDENTIFICADO,ANTIOQUIA,SAN CARLOS,6.163138889,-74.9355,"6.163138889,-74.9355"
CIH-0020-15,CERRADO,"-75,5735","6,277861111",NO_IDENTIFICADO,ANTIOQUIA,MEDELLÍN,6.277861111,-75.5735,"6.277861111,-75.5735"
CIH-0020-16,PEND.RESULT.GENETICA,"-75,5735","6,277861111",NO_IDENTIFICADO,ANTIOQUIA,MEDELLÍN,6.277861111,-75.5735,"6.277861111,-75.5735"
CIH-0020-17,CERRADO,"-75,418","7,9711",,CÓRDOBA,MONTELÍBANO,7.9711,-75.418,"7.9711,-75.418"
CIH-0021-14,CERRADO,"-74,90588889","6,105472222",IDENTIF_ENTREGADO,ANTIOQUIA,SAN CARLOS,6.105472222,-74.90588889,"6.105472222,-74.90588889"
CIH-0021-15,CERRADO,"-75,7648611","7,17852778",IDENTIF_ENTREGADO,ANTIOQUIA,ITUANGO,7.17852778,-75.7648611,"7.17852778,-75.7648611"
CIH-0021-16,CERRADO,"-75,2341667","5,89944444",,ANTIOQUIA,EL CARMEN DE VIBORAL,5.89944444,-75.2341667,"5.89944444,-75.2341667"
CIH-0021-17,CERRADO,"-75,51188333","7,644616667",IDENTIF_ENTREGADO,ANTIOQUIA,TARAZÁ,7.644616667,-75.51188333,"7.644616667,-75.51188333"
CIH-0022-14,PEND.RESULT.GENETICA,"-74,93569444","6,11361111",NO_IDENTIFICADO,ANTIOQUIA,SAN CARLOS,6.11361111,-74.93569444,"6.11361111,-74.93569444"
CIH-0022-15,CERRADO,"-75,7648611 ","7,17852778",IDENTIF_ENTREGADO,ANTIOQUIA,ITUANGO,7.17852778,-75.7648611 ,"7.17852778,-75.7648611 "
CIH-0022-16,PEND.RESULT.GENETICA,"-75,5735","6,277861111",NO_IDENTIFICADO,ANTIOQUIA,MEDELLÍN,6.277861111,-75.5735,"6.277861111,-75.5735"
CIH-0022-17,CERRADO,"-75,51188333","7,644616667",,ANTIOQUIA,TARAZÁ,7.644616667,-75.51188333,"7.644616667,-75.51188333"
CIH-0023-14,CERRADO,"-74,94836111","6,310722222",NO_IDENTIFICADO,ANTIOQUIA,SAN CARLOS,6.310722222,-74.94836111,"6.310722222,-74.94836111"
CIH-0023-15,CERRADO,"-75,7648611 ","7,17852778",IDENTIF_ENTREGADO,ANTIOQUIA,ITUANGO,7.17852778,-75.7648611 ,"7.17852778,-75.7648611 "
CIH-0023-16,PEND.RESULT.GENETICA,"-75,5563361","6,14153611",NO_IDENTIFICADO,ANTIOQUIA,ENVIGADO,6.14153611,-75.5563361,"6.14153611,-75.5563361"
CIH-0023-17,PEND.RESULT.GENETICA,"-75,418","7,9711",NO_IDENTIF_EN_PROCES,CÓRDOBA,MONTELÍBANO,7.9711,-75.418,"7.9711,-75.418"
CIH-0024-14,CERRADO,"-75,79555556","7,025277778",,ANTIOQUIA,SABANALARGA,7.025277778,-75.79555556,"7.025277778,-75.79555556"
CIH-0024-15,CERRADO,"-75,7648611 ","7,17852778",IDENTIF_ENTREGADO,ANTIOQUIA,ITUANGO,7.17852778,-75.7648611 ,"7.17852778,-75.7648611 "
CIH-0024-16,PEND.RESULT.GENETICA,"-75,0755833","6,07141667",NO_IDENTIFICADO,ANTIOQUIA,GRANADA,6.07141667,-75.0755833,"6.07141667,-75.0755833"
CIH-0024-17,CERRADO,"-75,7506944","7,17413889",IDENTIF_ENTREGADO,ANTIOQUIA,ITUANGO,7.17413889,-75.7506944,"7.17413889,-75.7506944"
CIH-0025-14,CERRADO,"-76,67805556","8,305888889",NO_IDENTIFICADO,ANTIOQUIA,NECOCLÍ,8.305888889,-76.67805556,"8.305888889,-76.67805556"
CIH-0025-15,CERRADO,"-75,7648611","7,17841667",IDENTIF_ENTREGADO,ANTIOQUIA,ITUANGO,7.17841667,-75.7648611,"7.17841667,-75.7648611"
CIH-0025-16,PEND.RESULT.GENETICA,"-75,4549942","6,07141667",NO_IDENTIFICADO,ANTIOQUIA,LA CEJA,6.07141667,-75.4549942,"6.07141667,-75.4549942"
CIH-0025-17,PEND.RESULT.GENETICA,"-75,7506944","7,17413889",,ANTIOQUIA,MEDELLÍN,7.17413889,-75.7506944,"7.17413889,-75.7506944"
CIH-0026-14,CERRADO,"-76,60883333","8,360833333",IDENTIF_ENTREGADO,ANTIOQUIA,NECOCLÍ,8.360833333,-76.60883333,"8.360833333,-76.60883333"
CIH-0026-15,CERRADO,"-75,7648611","7,17852778",IDENTIF_ENTREGADO,ANTIOQUIA,ITUANGO,7.17852778,-75.7648611,"7.17852778,-75.7648611"
CIH-0026-16,PEND.RESULT.GENETICA,"-75,5735","6,277861111",NO_IDENTIFICADO,ANTIOQUIA,MEDELLÍN,6.277861111,-75.5735,"6.277861111,-75.5735"
CIH-0026-17,CERRADO,"-75,6933056","7,00841667",IDENTIF_ENTREGADO,ANTIOQUIA,TOLEDO,7.00841667,-75.6933056,"7.00841667,-75.6933056"
CIH-0027-14,CERRADO,"-76,8075","8,486138889",NO_IDENTIFICADO,ANTIOQUIA,NECOCLÍ,8.486138889,-76.8075,"8.486138889,-76.8075"
CIH-0027-15,CERRADO,"-75,7648611","7,17852778",IDENTIF_ENTREGADO,ANTIOQUIA,ITUANGO,7.17852778,-75.7648611,"7.17852778,-75.7648611"
CIH-0027-16,PEND.RESULT.GENETICA,"-75,5735","6,277861111",NO_IDENTIFICADO,ANTIOQUIA,MEDELLÍN,6.277861111,-75.5735,"6.277861111,-75.5735"
CIH-0027-17,CERRADO,"-75,6933056","7,00841667",,ANTIOQUIA,TOLEDO,7.00841667,-75.6933056,"7.00841667,-75.6933056"
CIH-0028-14,CERRADO,"-76,68327778","8,305388889",NO_IDENTIFICADO,ANTIOQUIA,NECOCLÍ,8.305388889,-76.68327778,"8.305388889,-76.68327778"
CIH-0028-15,PEND.RESULT.GENETICA,"-74,9315639","6,15816389",NO_IDENTIFICADO,ANTIOQUIA,SAN CARLOS,6.15816389,-74.9315639,"6.15816389,-74.9315639"
CIH-0028-16,PEND.RESULT.GENETICA,"-75,5735","6,277861111",NO_IDENTIFICADO,ANTIOQUIA,MEDELLÍN,6.277861111,-75.5735,"6.277861111,-75.5735"
CIH-0028-17,CERRADO,"-75,7634722","7,17263889",IDENTIF_ENTREGADO,ANTIOQUIA,ITUANGO,7.17263889,-75.7634722,"7.17263889,-75.7634722"
CIH-0029-14,CERRADO,"-76,68527778","8,311027778",IDENTIF_ENTREGADO,ANTIOQUIA,NECOCLÍ,8.311027778,-76.68527778,"8.311027778,-76.68527778"
CIH-0029-15,CERRADO,"-74,9315693","6,15816389",IDENTIF_ENTREGADO,ANTIOQUIA,SAN CARLOS,6.15816389,-74.9315693,"6.15816389,-74.9315693"
CIH-0029-16,CERRADO,"-75,8579167","8,74144444",IDENTIF_ENTREGADO,CÓRDOBA,MONTERÍA,8.74144444,-75.8579167,"8.74144444,-75.8579167"
CIH-0029-17,CERRADO,"-75,7634722","7,17263889",,ANTIOQUIA,ITUANGO,7.17263889,-75.7634722,"7.17263889,-75.7634722"
CIH-0030-14,CERRADO,"-76,56577778","8,465361111",NO_IDENTIFICADO,ANTIOQUIA,NECOCLÍ,8.465361111,-76.56577778,"8.465361111,-76.56577778"
CIH-0030-15,CERRADO,"-74,7805083","6,2508",IDENTIF_ENTREGADO,ANTIOQUIA,SAN CARLOS,6.2508,-74.7805083,"6.2508,-74.7805083"
CIH-0030-16,CERRADO,"-75,8579167","8,74144444",IDENTIF_ENTREGADO,CÓRDOBA,MONTERÍA,8.74144444,-75.8579167,"8.74144444,-75.8579167"
CIH-0030-17,CERRADO,"-75,5175","7,24966667",IDENTIF_ENTREGADO,ANTIOQUIA,ITUANGO,7.24966667,-75.5175,"7.24966667,-75.5175"
CIH-0031-14,PEND.RESULT.GENETICA,"-76,61613889","8,4555",NO_IDENTIFICADO,ANTIOQUIA,NECOCLÍ,8.4555,-76.61613889,"8.4555,-76.61613889"
CIH-0031-15,CERRADO,-75.67583,"6,91444",IDENTIF_ENTREGADO,ANTIOQUIA,SAN ANDRÉS DE CUERQUÍA,6.91444,-75.67583,"6.91444,-75.67583"
CIH-0031-16,PEND.RESULT.GENETICA,"-75,8579167","8,74144444",,CÓRDOBA,MONTERÍA,8.74144444,-75.8579167,"8.74144444,-75.8579167"
CIH-0031-17,PEND.RESULT.GENETICA,"-75,5175","7,24966667",,ANTIOQUIA,ITUANGO,7.24966667,-75.5175,"7.24966667,-75.5175"
CIH-0032-14,CERRADO,"-76,657","8,3419",IDENTIF_ENTREGADO,ANTIOQUIA,NECOCLÍ,8.3419,-76.657,"8.3419,-76.657"
CIH-0032-15,CERRADO,"-75,7648611","7,17852778",,ANTIOQUIA,ITUANGO,7.17852778,-75.7648611,"7.17852778,-75.7648611"
CIH-0032-16,PEND.RESULT.GENETICA,"-75,2702222","8,02094444",NO_IDENTIF_EN_PROCES,CÓRDOBA,TIERRALTA,8.02094444,-75.2702222,"8.02094444,-75.2702222"
CIH-0032-17,CERRADO,"-75,5175278","7,24980556",IDENTIF_ENTREGADO,ANTIOQUIA,ITUANGO,7.24980556,-75.5175278,"7.24980556,-75.5175278"
CIH-0033-14,CERRADO,"-76,36061111","8,28916667",,CÓRDOBA,VALENCIA,8.28916667,-76.36061111,"8.28916667,-76.36061111"
CIH-0033-15,CERRADO,"-77,49222222","6,806388889",,CHOCÓ,BAHÍA SOLANO,6.806388889,-77.49222222,"6.806388889,-77.49222222"
CIH-0033-16,CERRADO,"-75,27022","8,02094",IDENTIF_ENTREGADO,CÓRDOBA,TIERRALTA,8.02094,-75.27022,"8.02094,-75.27022"
CIH-0033-17,ASIGNADO,"-75,5175278","7,24980556",,ANTIOQUIA,ITUANGO,7.24980556,-75.5175278,"7.24980556,-75.5175278"
CIH-0034-14,CERRADO,"-75,90611111","6,064888889",NO_IDENTIFICADO,ANTIOQUIA,CONCORDIA,6.064888889,-75.90611111,"6.064888889,-75.90611111"
CIH-0034-15,CERRADO,"-77,76833333","7,110833333",,CHOCÓ,JURADÓ,7.110833333,-77.76833333,"7.110833333,-77.76833333"
CIH-0034-16,PEND.RESULT.GENETICA,"-75,2702222","8,02094444",NO_IDENTIFICADO,CÓRDOBA,TIERRALTA,8.02094444,-75.2702222,"8.02094444,-75.2702222"
CIH-0034-17,CERRADO,"-75,5175278","7,24980556",IDENTIF_ENTREGADO,ANTIOQUIA,ITUANGO,7.24980556,-75.5175278,"7.24980556,-75.5175278"
CIH-0035-14,CERRADO,"-75,90611111","6,064888889",NO_IDENTIFICADO,ANTIOQUIA,CONCORDIA,6.064888889,-75.90611111,"6.064888889,-75.90611111"
CIH-0035-15,CERRADO,-77.052222, ﻿5.0497222,,CHOCÓ,MEDIO BAUDÓ, .5.0497222,-77.052222," .5.0497222,-77.052222"
CIH-0035-16,PEND.RESULT.GENETICA,"-76,1759167","8,50138889",NO_IDENTIF_EN_PROCES,CÓRDOBA,TIERRALTA,8.50138889,-76.1759167,"8.50138889,-76.1759167"
CIH-0035-17,CERRADO,"-75,5175278","7,24980556",,ANTIOQUIA,ITUANGO,7.24980556,-75.5175278,"7.24980556,-75.5175278"
CIH-0036-14,INVALID,"-75,90611111","6,064888889",,ANTIOQUIA,CONCORDIA,6.064888889,-75.90611111,"6.064888889,-75.90611111"
CIH-0036-15,CERRADO,"-75,8291667","6,92847222",IDENTIF_ENTREGADO,ANTIOQUIA,SANTA ROSA DE OSOS,6.92847222,-75.8291667,"6.92847222,-75.8291667"
CIH-0036-16,CERRADO,"-76,0594583","8,18052778",IDENTIF_ENTREGADO,CÓRDOBA,TIERRALTA,8.18052778,-76.0594583,"8.18052778,-76.0594583"
CIH-0036-17,CERRADO,"-75,5175278","7,24980556",IDENTIF_ENTREGADO,ANTIOQUIA,ITUANGO,7.24980556,-75.5175278,"7.24980556,-75.5175278"
CIH-0037-15,CERRADO,"-76,60883333","8,360833333",IDENTIF_ENTREGADO,ANTIOQUIA,NECOCLÍ,8.360833333,-76.60883333,"8.360833333,-76.60883333"
CIH-0037-16,PEND.RESULT.GENETICA,"-75,46055","6,6472222",NO_IDENTIFICADO,ANTIOQUIA,SANTA ROSA DE OSOS,6.6472222,-75.46055,"6.6472222,-75.46055"
CIH-0037-17,ASIGNADO,"-75,5175278","7,24980556",,ANTIOQUIA,ITUANGO,7.24980556,-75.5175278,"7.24980556,-75.5175278"
CIH-0038-15,CERRADO,"-75,7648611","7,17852778",,ANTIOQUIA,ITUANGO,7.17852778,-75.7648611,"7.17852778,-75.7648611"
CIH-0038-16,CERRADO,"-75,4368722","7,16945833",IDENTIF_ENTREGADO,ANTIOQUIA,VALDIVIA,7.16945833,-75.4368722,"7.16945833,-75.4368722"
CIH-0038-17,CERRADO,"-75,5175278","7,24980556",IDENTIF_ENTREGADO,ANTIOQUIA,ITUANGO,7.24980556,-75.5175278,"7.24980556,-75.5175278"
CIH-0039-16,CERRADO,"-75,4368722","7,1695833",,ANTIOQUIA,VALDIVIA,7.1695833,-75.4368722,"7.1695833,-75.4368722"
CIH-0039-17,CERRADO,"-75,5175278","7,24980556",,ANTIOQUIA,ITUANGO,7.24980556,-75.5175278,"7.24980556,-75.5175278"
CIH-0040-15,CERRADO,"-75,7648611","7,17852778",,ANTIOQUIA,ITUANGO,7.17852778,-75.7648611,"7.17852778,-75.7648611"
CIH-0040-16,CERRADO,"-75,4368722","7,16945833",IDENTIF_ENTREGADO,ANTIOQUIA,VALDIVIA,7.16945833,-75.4368722,"7.16945833,-75.4368722"
CIH-0040-17,CERRADO,"-75,5175278","7,24961111",IDENTIF_ENTREGADO,ANTIOQUIA,ITUANGO,7.24961111,-75.5175278,"7.24961111,-75.5175278"
CIH-0041-15,CERRADO,"-75,7648611 ","7,17852778",,ANTIOQUIA,ITUANGO,7.17852778,-75.7648611 ,"7.17852778,-75.7648611 "
CIH-0041-16,CERRADO,"-76,6338056","7,25825",,CHOCÓ,CARMEN DEL DARIEN,7.25825,-76.6338056,"7.25825,-76.6338056"
CIH-0041-17,PEND.RESULT.GENETICA,"-75,5175278","7,24980556",,ANTIOQUIA,ITUANGO,7.24980556,-75.5175278,"7.24980556,-75.5175278"
CIH-0042-15,CERRADO,"-75,3463889 ","7,57972222",,ANTIOQUIA,CÁCERES,7.57972222,-75.3463889 ,"7.57972222,-75.3463889 "
CIH-0042-16,CERRADO,-75.56611,"5,8747222",IDENTIF_ENTREGADO,ANTIOQUIA,SANTA BÁRBARA,5.8747222,-75.56611,"5.8747222,-75.56611"
CIH-0042-17,CERRADO,"-75,5175","7,24966667",IDENTIF_ENTREGADO,ANTIOQUIA,ITUANGO,7.24966667,-75.5175,"7.24966667,-75.5175"
CIH-0043-15,CERRADO,"-75,7648611","7,17852778",,ANTIOQUIA,ITUANGO,7.17852778,-75.7648611,"7.17852778,-75.7648611"
CIH-0043-16,CERRADO,-75.566111,"5,874722",,ANTIOQUIA,SANTA BÁRBARA,5.874722,-75.566111,"5.874722,-75.566111"
CIH-0043-17,CERRADO,"-75,5175","7,24966667",,ANTIOQUIA,ITUANGO,7.24966667,-75.5175,"7.24966667,-75.5175"
CIH-0044-15,CERRADO,"-74,7844444","7,72888889",,ANTIOQUIA,CAUCASIA,7.72888889,-74.7844444,"7.72888889,-74.7844444"
CIH-0044-16,CERRADO,"-76,3825278","8,14011111",,ANTIOQUIA,SAN PEDRO DE URABA,8.14011111,-76.3825278,"8.14011111,-76.3825278"
CIH-0044-17,PEND.RESULT.GENETICA,"-75,5175","7,24966667",NO_IDENTIF_EN_PROCES,ANTIOQUIA,ITUANGO,7.24966667,-75.5175,"7.24966667,-75.5175"
CIH-0045-16,PEND.RESULT.GENETICA,"-75,3392222","7,28175",NO_IDENTIFICADO,ANTIOQUIA,VALDIVIA,7.28175,-75.3392222,"7.28175,-75.3392222"
CIH-0045-17,ASIGNADO,"-75,5117","7,24966667",,ANTIOQUIA,ITUANGO,7.24966667,-75.5117,"7.24966667,-75.5117"
CIH-0046-15,PEND.RESULT.GENETICA,"-75,8291667","6,92847222",NO_IDENTIFICADO,ANTIOQUIA,PEQUE,6.92847222,-75.8291667,"6.92847222,-75.8291667"
CIH-0046-16,CERRADO,"-76,520222","7,86169444",IDENTIF_ENTREGADO,ANTIOQUIA,APARTADÓ,7.86169444,-76.520222,"7.86169444,-76.520222"
CIH-0046-17,CERRADO,"-75,5175278","7,24961111",IDENTIF_ENTREGADO,ANTIOQUIA,ITUANGO,7.24961111,-75.5175278,"7.24961111,-75.5175278"
CIH-0047-15,CERRADO,"-76,8111833","7,543975",NO_IDENTIFICADO,ANTIOQUIA,PEQUE,7.543975,-76.8111833,"7.543975,-76.8111833"
CIH-0047-16,CERRADO,"-76,6321389","7,25705556",,CHOCÓ,CARMEN DEL DARIEN,7.25705556,-76.6321389,"7.25705556,-76.6321389"
CIH-0047-17,CERRADO,"-75,5175278","7,24961111",,ANTIOQUIA,ITUANGO,7.24961111,-75.5175278,"7.24961111,-75.5175278"
CIH-0048-15,CERRADO,"-75,8291667","6,92847222",IDENTIF_ENTREGADO,ANTIOQUIA,PEQUE,6.92847222,-75.8291667,"6.92847222,-75.8291667"
CIH-0048-16,CERRADO,"-76,520222","7,86169444",,ANTIOQUIA,APARTADÓ,7.86169444,-76.520222,"7.86169444,-76.520222"
CIH-0048-17,CERRADO,"-75,5175278","7,24961111",IDENTIF_ENTREGADO,ANTIOQUIA,ITUANGO,7.24961111,-75.5175278,"7.24961111,-75.5175278"
CIH-0049-15,CERRADO,"-75,8291667","6,92847222",,ANTIOQUIA,MEDELLÍN,6.92847222,-75.8291667,"6.92847222,-75.8291667"
CIH-0049-16,CERRADO,"-76,6338056","7,25825",,CHOCÓ,CARMEN DEL DARIEN,7.25825,-76.6338056,"7.25825,-76.6338056"
CIH-0049-17,ASIGNADO,"-75,5175278","7,24961111",,ANTIOQUIA,ITUANGO,7.24961111,-75.5175278,"7.24961111,-75.5175278"
CIH-0050-15,CERRADO,"-75,8291667","6,92847222",IDENTIF_ENTREGADO,ANTIOQUIA,PEQUE,6.92847222,-75.8291667,"6.92847222,-75.8291667"
CIH-0050-16,CERRADO,"-76,6338056","7,25825",,CHOCÓ,CARMEN DEL DARIEN,7.25825,-76.6338056,"7.25825,-76.6338056"
CIH-0050-17,CERRADO,"-75,5175278","7,24961111",IDENTIF_NO_ENTREGADO,ANTIOQUIA,ITUANGO,7.24961111,-75.5175278,"7.24961111,-75.5175278"
CIH-0051-15,CERRADO,"-75,8291667","6,92847222",,ANTIOQUIA,PEQUE,6.92847222,-75.8291667,"6.92847222,-75.8291667"
CIH-0051-16,CERRADO,"-76,6338056","7,25825",,CHOCÓ,CARMEN DEL DARIEN,7.25825,-76.6338056,"7.25825,-76.6338056"
CIH-0051-17,ASIGNADO,"-75,7648611","7,17852778",,ANTIOQUIA,ITUANGO,7.17852778,-75.7648611,"7.17852778,-75.7648611"
CIH-0052-15,PEND.RESULT.GENETICA,"-75,8291667","6,92847222",NO_IDENTIF_EN_PROCES,ANTIOQUIA,PEQUE,6.92847222,-75.8291667,"6.92847222,-75.8291667"
CIH-0052-16,CERRADO,"-76,6338056","7,25825",IDENTIF_NO_ENTREGADO,CHOCÓ,CARMEN DEL DARIEN,7.25825,-76.6338056,"7.25825,-76.6338056"
CIH-0052-17,CERRADO,"-75,76347222","7,1725",IDENTIF_ENTREGADO,ANTIOQUIA,ITUANGO,7.1725,-75.76347222,"7.1725,-75.76347222"
CIH-0053-15,CERRADO,"-75,8291667","6,92847222",,ANTIOQUIA,PEQUE,6.92847222,-75.8291667,"6.92847222,-75.8291667"
CIH-0053-16,CERRADO,"-76,6338056","7,25825",,CHOCÓ,CARMEN DEL DARIEN,7.25825,-76.6338056,"7.25825,-76.6338056"
CIH-0053-17,CERRADO,"-75,76347222","7,1725",,ANTIOQUIA,ITUANGO,7.1725,-75.76347222,"7.1725,-75.76347222"
CIH-0054-15,CERRADO,"-76,8111833","7,06480556",IDENTIF_ENTREGADO,ANTIOQUIA,TURBO,7.06480556,-76.8111833,"7.06480556,-76.8111833"
CIH-0054-16,CERRADO,"-76,6338056","7,25825",IDENTIF_NO_ENTREGADO,CHOCÓ,CARMEN DEL DARIEN,7.25825,-76.6338056,"7.25825,-76.6338056"
CIH-0054-17,CERRADO,"-75,5175","7,249666667",IDENTIF_ENTREGADO,ANTIOQUIA,ITUANGO,7.249666667,-75.5175,"7.249666667,-75.5175"
CIH-0055-15,PEND.RESULT.GENETICA,"-76,8111833","7,543975",NO_IDENTIF_EN_PROCES,ANTIOQUIA,TURBO,7.543975,-76.8111833,"7.543975,-76.8111833"
CIH-0055-16,CERRADO,"-76,6338056","7,25825",MUESTRA,CHOCÓ,CARMEN DEL DARIEN,7.25825,-76.6338056,"7.25825,-76.6338056"
CIH-0055-17,PEND.RESULT.GENETICA,"-75,43136111","5,962611111",NO_IDENTIFICADO,ANTIOQUIA,LA CEJA,5.962611111,-75.43136111,"5.962611111,-75.43136111"
CIH-0056-15,PEND.RESULT.GENETICA,"-76,3695833","8,42736111",NO_IDENTIFICADO,ANTIOQUIA,SAN PEDRO DE URABA,8.42736111,-76.3695833,"8.42736111,-76.3695833"
CIH-0056-16,CERRADO,"-76,6338056","7,25825",MUESTRA,CHOCÓ,CARMEN DEL DARIEN,7.25825,-76.6338056,"7.25825,-76.6338056"
CIH-0056-17,ASIGNADO,"-75,56175","6,265694444",,ANTIOQUIA,MEDELLÍN,6.265694444,-75.56175,"6.265694444,-75.56175"
CIH-0057-15,CERRADO,"-76,95387","7,61980556",IDENTIF_ENTREGADO,ANTIOQUIA,TURBO,7.61980556,-76.95387,"7.61980556,-76.95387"
CIH-0057-16,CERRADO,"-76,6338056","7,25825",MUESTRA,CHOCÓ,CARMEN DEL DARIEN,7.25825,-76.6338056,"7.25825,-76.6338056"
CIH-0057-17,CERRADO,"-76,3","7,25741667",,CHOCÓ,CARMEN DEL DARIEN,7.25741667,-76.3,"7.25741667,-76.3"
CIH-0058-15,CERRADO,"-75,8291667 ","6,92847222",,ANTIOQUIA,PEQUE,6.92847222,-75.8291667 ,"6.92847222,-75.8291667 "
CIH-0058-16,CERRADO,"-76,6338056","7,25825",MUESTRA,CHOCÓ,CARMEN DEL DARIEN,7.25825,-76.6338056,"7.25825,-76.6338056"
CIH-0058-17,ASIGNADO,"-75,5175","7,249666667",,ANTIOQUIA,ITUANGO,7.249666667,-75.5175,"7.249666667,-75.5175"
CIH-0059-15,PEND.RESULT.GENETICA,"-76,3825278","8,14011111",NO_IDENTIFICADO,ANTIOQUIA,SAN PEDRO DE URABA,8.14011111,-76.3825278,"8.14011111,-76.3825278"
CIH-0059-16,PEND.RESULT.GENETICA,"-75,635333","6,76022222",IDENTIF_NO_ENTREGADO,ANTIOQUIA,BELMIRA,6.76022222,-75.635333,"6.76022222,-75.635333"
CIH-0060-15,PEND.RESULT.GENETICA,"-76,3825278","8,14011111",NO_IDENTIFICADO,ANTIOQUIA,SAN PEDRO DE URABA,8.14011111,-76.3825278,"8.14011111,-76.3825278"
CIH-0060-16,CERRADO,"-75,635333","6,76022222",,ANTIOQUIA,SAN PEDRO DE LOS MILAGROS,6.76022222,-75.635333,"6.76022222,-75.635333"
CIH-0061-15,CERRADO,-76.7283,"8,09305",,ANTIOQUIA,TURBO,8.09305,-76.7283,"8.09305,-76.7283"
CIH-0061-16,CERRADO,"-75,2702222","8,02094444",,CÓRDOBA,TIERRALTA,8.02094444,-75.2702222,"8.02094444,-75.2702222"
CIH-0062-15,CERRADO,"-76,4290556","8,85113889",IDENTIF_ENTREGADO,ANTIOQUIA,ARBOLETES,8.85113889,-76.4290556,"8.85113889,-76.4290556"
CIH-0062-16,CERRADO,"-75,88","8,731388889",,CÓRDOBA,MONTERÍA,8.731388889,-75.88,"8.731388889,-75.88"
CIH-0063-15,CERRADO,"-76,4290556 ","8,85113889",,ANTIOQUIA,ARBOLETES,8.85113889,-76.4290556 ,"8.85113889,-76.4290556 "
CIH-0063-16,CERRADO,"-76,05944","8,17277",,CÓRDOBA,TIERRALTA,8.17277,-76.05944,"8.17277,-76.05944"
CIH-0064-15,PEND.RESULT.GENETICA,"-75,881","8,73169444",NO_IDENTIF_EN_PROCES,CÓRDOBA,MONTERÍA,8.73169444,-75.881,"8.73169444,-75.881"
CIH-0064-16,CERRADO,"-76,05944","8,17277",MUESTRA,CÓRDOBA,TIERRALTA,8.17277,-76.05944,"8.17277,-76.05944"
CIH-0065-15,CERRADO,"-75,881 ","8,73169444",,CÓRDOBA,MONTERÍA,8.73169444,-75.881 ,"8.73169444,-75.881 "
CIH-0065-16,CERRADO,"-75,9052778","6,43722222",IDENTIF_ENTREGADO,ANTIOQUIA,MEDELLÍN,6.43722222,-75.9052778,"6.43722222,-75.9052778"
CIH-0066-15,CERRADO,"-75,881","8,73169444",IDENTIF_ENTREGADO,CÓRDOBA,MONTERÍA,8.73169444,-75.881,"8.73169444,-75.881"
CIH-0066-16,PEND.RESULT.GENETICA,"-75,0755833","6,07141667",NO_IDENTIFICADO,ANTIOQUIA,GRANADA,6.07141667,-75.0755833,"6.07141667,-75.0755833"
CIH-0067-15,CERRADO,"-75,881 ","8,73169444",,CÓRDOBA,MONTERÍA,8.73169444,-75.881 ,"8.73169444,-75.881 "
CIH-0067-16,CERRADO,"-75,635333","6,76022222",,ANTIOQUIA,SAN PEDRO DE LOS MILAGROS,6.76022222,-75.635333,"6.76022222,-75.635333"
CIH-0068-15,CERRADO,"-76,1624167","8,26097222",IDENTIF_NO_ENTREGADO,CÓRDOBA,VALENCIA,8.26097222,-76.1624167,"8.26097222,-76.1624167"
CIH-0068-16,CERRADO,"-76,63338056","7,25825",,CHOCÓ,CARMEN DEL DARIEN,7.25825,-76.63338056,"7.25825,-76.63338056"
CIH-0069-15,CERRADO,"-76,1624167 ","8,26097222",,CÓRDOBA,VALENCIA,8.26097222,-76.1624167 ,"8.26097222,-76.1624167 "
CIH-0069-16,CERRADO,"-74,9050278","6,10552778",IDENTIF_ENTREGADO,ANTIOQUIA,SAN CARLOS,6.10552778,-74.9050278,"6.10552778,-74.9050278"
CIH-0070-15,CERRADO,"-76,4330278","8,17766667",IDENTIF_ENTREGADO,ANTIOQUIA,TURBO,8.17766667,-76.4330278,"8.17766667,-76.4330278"
CIH-0070-16,PEND.RESULT.GENETICA,"-74,9059444","6,10552778",NO_IDENTIFICADO,ANTIOQUIA,SAN CARLOS,6.10552778,-74.9059444,"6.10552778,-74.9059444"
CIH-0071-15,CERRADO,"-76,4330278 ","8,17766667",,ANTIOQUIA,TURBO,8.17766667,-76.4330278 ,"8.17766667,-76.4330278 "
CIH-0071-16,CERRADO,"-75,40675","6,40236111",,ANTIOQUIA,COCORNÁ,6.40236111,-75.40675,"6.40236111,-75.40675"
CIH-0072-15,CERRADO,"-76,3825278","8,14011111",IDENTIF_ENTREGADO,ANTIOQUIA,SAN PEDRO DE URABA,8.14011111,-76.3825278,"8.14011111,-76.3825278"
CIH-0072-16,CERRADO,"-74,9050278","6,10552778",,ANTIOQUIA,SAN CARLOS,6.10552778,-74.9050278,"6.10552778,-74.9050278"
CIH-0073-15,CERRADO,"-76,3825278","8,14011111",IDENTIF_ENTREGADO,ANTIOQUIA,SAN PEDRO DE URABA,8.14011111,-76.3825278,"8.14011111,-76.3825278"
CIH-0073-16,CERRADO,"-74,90588889","6,105472222",,ANTIOQUIA,SAN CARLOS,6.105472222,-74.90588889,"6.105472222,-74.90588889"
CIH-0074-15,CERRADO,"-76,3825278","8,14011111",IDENTIF_ENTREGADO,ANTIOQUIA,SAN PEDRO DE URABA,8.14011111,-76.3825278,"8.14011111,-76.3825278"
CIH-0074-16,CERRADO,"-76,1624167","8,26097222",,CÓRDOBA,VALENCIA,8.26097222,-76.1624167,"8.26097222,-76.1624167"
CIH-0075-15,CERRADO,"-76,9538","7,61980556",,ANTIOQUIA,TURBO,7.61980556,-76.9538,"7.61980556,-76.9538"
CIH-0075-16,CERRADO,"-75,2630556","6,089",IDENTIF_ENTREGADO,ANTIOQUIA,EL SANTUARIO,6.089,-75.2630556,"6.089,-75.2630556"
CIH-0076-16,CERRADO,"-76,1624167","8,26097222",,CÓRDOBA,VALENCIA,8.26097222,-76.1624167,"8.26097222,-76.1624167"
CIH-0077-16,CERRADO,"-75,9052778","6,43722222",,ANTIOQUIA,MEDELLÍN,6.43722222,-75.9052778,"6.43722222,-75.9052778"
CIH-0078-16,CERRADO,"-76,38252778","8,7611",,ANTIOQUIA,SAN JUAN DE URABÁ,8.7611,-76.38252778,"8.7611,-76.38252778"
CIH-0079-16,PEND.RESULT.GENETICA,"-75,5869444","6,30080556",NO_IDENTIFICADO,ANTIOQUIA,BELLO,6.30080556,-75.5869444,"6.30080556,-75.5869444"
CIH-0080-16,PEND.RESULT.GENETICA,"-76,3811944","6,53194444",NO_IDENTIF_EN_PROCES,ANTIOQUIA,ARBOLETES,6.53194444,-76.3811944,"6.53194444,-76.3811944"
CIH-0081-16,PEND.RESULT.GENETICA,"-76,42722","8,8511",NO_IDENTIFICADO,ANTIOQUIA,ARBOLETES,8.8511,-76.42722,"8.8511,-76.42722"
CIH-0082-16,PEND.RESULT.GENETICA,"-76,42722","8,8511",NO_IDENTIFICADO,ANTIOQUIA,ARBOLETES,8.8511,-76.42722,"8.8511,-76.42722"
CIH-0083-16,PEND.RESULT.GENETICA,"-76,3756944","8,48133333",NO_IDENTIFICADO,ANTIOQUIA,ARBOLETES,8.48133333,-76.3756944,"8.48133333,-76.3756944"
CIH-0084-16,PEND.RESULT.GENETICA,"-76,3756944","8,48133333",,ANTIOQUIA,ARBOLETES,8.48133333,-76.3756944,"8.48133333,-76.3756944"
CIH-0085-16,CERRADO,-76.427222,"8,851111",IDENTIF_ENTREGADO,ANTIOQUIA,ARBOLETES,8.851111,-76.427222,"8.851111,-76.427222"
CIH-0086-16,CERRADO,"-76,5116944","7,94508333",IDENTIF_ENTREGADO,ANTIOQUIA,APARTADÓ,7.94508333,-76.5116944,"7.94508333,-76.5116944"
CIH-0087-16,CERRADO,"-76,508","7,94777778",IDENTIF_ENTREGADO,ANTIOQUIA,APARTADÓ,7.94777778,-76.508,"7.94777778,-76.508"
CIH-0088-16,CERRADO,"-76,5082917","7,94797222",IDENTIF_ENTREGADO,ANTIOQUIA,APARTADÓ,7.94797222,-76.5082917,"7.94797222,-76.5082917"
CIH-0089-16,PEND.RESULT.GENETICA,"-76,5080028","7,94775278",IDENTIF_NO_ENTREGADO,ANTIOQUIA,APARTADÓ,7.94775278,-76.5080028,"7.94775278,-76.5080028"
CIH-0090-16,PEND.RESULT.GENETICA,"-75,5745417","6,27964722",NO_IDENTIFICADO,ANTIOQUIA,MEDELLÍN,6.27964722,-75.5745417,"6.27964722,-75.5745417"
CIH-0091-16,PEND.RESULT.GENETICA,"-75,5745417","6,27964722",NO_IDENTIFICADO,ANTIOQUIA,MEDELLÍN,6.27964722,-75.5745417,"6.27964722,-75.5745417"
CIH-0092-16,PEND.RESULT.GENETICA,"-75,5738472","6,27789722",NO_IDENTIFICADO,ANTIOQUIA,MEDELLÍN,6.27789722,-75.5738472,"6.27789722,-75.5738472"
CIH-0093-16,PEND.RESULT.GENETICA,"-75,856389","6,83677778",NO_IDENTIFICADO,ANTIOQUIA,SABANALARGA,6.83677778,-75.856389,"6.83677778,-75.856389"
CIH-0094-16,PEND.RESULT.GENETICA,"-75,40675","6,40236111",NO_IDENTIFICADO,ANTIOQUIA,COCORNÁ,6.40236111,-75.40675,"6.40236111,-75.40675"
CIH-0095-16,CERRADO,"-75,8611472","6,7225",IDENTIF_ENTREGADO,ANTIOQUIA,BURITICÁ,6.7225,-75.8611472,"6.7225,-75.8611472"
CIH-0096-16,PEND.RESULT.GENETICA,"-75,8633083","6,73368056",NO_IDENTIFICADO,ANTIOQUIA,BURITICÁ,6.73368056,-75.8633083,"6.73368056,-75.8633083"
CIH-0097-16,CERRADO,-75.67583,"6,91444",,ANTIOQUIA,SAN ANDRÉS DE CUERQUÍA,6.91444,-75.67583,"6.91444,-75.67583"
CIH-0098-16,CERRADO,"-76,42722","8,8511",,ANTIOQUIA,ARBOLETES,8.8511,-76.42722,"8.8511,-76.42722"
CIH-0099-16,CERRADO,"-76,3756944","8,48133333",,ANTIOQUIA,ARBOLETES,8.48133333,-76.3756944,"8.48133333,-76.3756944"
CIH-0100-16,CERRADO,"-76,3756944","8,48133333",,ANTIOQUIA,ARBOLETES,8.48133333,-76.3756944,"8.48133333,-76.3756944"
CIH-0101-16,CERRADO,"-76,42722","8,8511",,ANTIOQUIA,ARBOLETES,8.8511,-76.42722,"8.8511,-76.42722"
CIH-0102-16,CERRADO,"-76,42722","8,8511",,ANTIOQUIA,ARBOLETES,8.8511,-76.42722,"8.8511,-76.42722"
CIH-0103-16,CERRADO,"-74,8711389","8,46933333",IDENTIF_NO_ENTREGADO,SUCRE,MAJAGUAL,8.46933333,-74.8711389,"8.46933333,-74.8711389"
CIH-0104-16,CERRADO,"-74,8711389","8,46933333",,SUCRE,MAJAGUAL,8.46933333,-74.8711389,"8.46933333,-74.8711389"
CIH-0105-16,CERRADO,"-75,9061667","8,26766667",IDENTIF_NO_ENTREGADO,CÓRDOBA,TIERRALTA,8.26766667,-75.9061667,"8.26766667,-75.9061667"
CIH-0106-16,CERRADO,"-75,9058889","8,26730556",IDENTIF_NO_ENTREGADO,CÓRDOBA,TIERRALTA,8.26730556,-75.9058889,"8.26730556,-75.9058889"
CIH-0107-16,CERRADO,"-75,9058889","8,26730556",,CÓRDOBA,TIERRALTA,8.26730556,-75.9058889,"8.26730556,-75.9058889"
CIH-0108-16,PEND.RESULT.GENETICA,-75.426944,"5,79055",NO_IDENTIFICADO,ANTIOQUIA,ABEJORRAL,5.79055,-75.426944,"5.79055,-75.426944"
CIH-0109-16,CERRADO,"-76,508","7,94777778",,ANTIOQUIA,APARTADÓ,7.94777778,-76.508,"7.94777778,-76.508"
CIH-0110-16,CERRADO,"-76,5080028","7,94775278",,ANTIOQUIA,APARTADÓ,7.94775278,-76.5080028,"7.94775278,-76.5080028"
CIH-0111-16,CERRADO,"-76,5116944","7,94508333",,ANTIOQUIA,APARTADÓ,7.94508333,-76.5116944,"7.94508333,-76.5116944"
CIH-0112-16,CERRADO,"-76,5116944","7,94508333",IDENTIF_ENTREGADO,ANTIOQUIA,APARTADÓ,7.94508333,-76.5116944,"7.94508333,-76.5116944"
CIH-0113-16,CERRADO,"-76,5116944","7,94508333",IDENTIF_ENTREGADO,ANTIOQUIA,APARTADÓ,7.94508333,-76.5116944,"7.94508333,-76.5116944"
CIH-0114-16,PEND.RESULT.GENETICA,"-75,618694","5,55883333",NO_IDENTIFICADO,ANTIOQUIA,CARAMANTA,5.55883333,-75.618694,"5.55883333,-75.618694"
CIH-2018-00001,PEND.RESULT.GENETICA,"-75,2418889","6,21363889",NO_IDENTIFICADO,ANTIOQUIA,PEÑOL,6.21363889,-75.2418889,"6.21363889,-75.2418889"
CIH-2018-00002,CERRADO,"-75,2630556","6,089",IDENTIF_ENTREGADO,ANTIOQUIA,EL SANTUARIO,6.089,-75.2630556,"6.089,-75.2630556"
CIH-2018-00003,CERRADO,"-77,2461944","4,78061111",IDENTIF_ENTREGADO,CHOCÓ,BAJO BAUDÓ,4.78061111,-77.2461944,"4.78061111,-77.2461944"
CIH-2018-00004,PEND.RESULT.GENETICA,"-75,1945833","6,61188889",NO_IDENTIFICADO,ANTIOQUIA,GÓMEZ PLATA,6.61188889,-75.1945833,"6.61188889,-75.1945833"
CIH-2018-00005,CERRADO,"-75,025","6,29616667",IDENTIF_NO_ENTREGADO,ANTIOQUIA,SAN RAFAEL,6.29616667,-75.025,"6.29616667,-75.025"
CIH-2018-00006,CERRADO,"-75,025","6,29616667",IDENTIF_NO_ENTREGADO,ANTIOQUIA,SAN RAFAEL,6.29616667,-75.025,"6.29616667,-75.025"
CIH-2018-00007,CERRADO,"-75,025","6,29616667",IDENTIF_NO_ENTREGADO,ANTIOQUIA,SAN RAFAEL,6.29616667,-75.025,"6.29616667,-75.025"
CIH-2018-00008,CERRADO,"-75,025","6,29616667",IDENTIF_NO_ENTREGADO,ANTIOQUIA,SAN RAFAEL,6.29616667,-75.025,"6.29616667,-75.025"
CIH-2018-00009,CERRADO,"-75,025","6,29616667",NO_IDENTIFICADO,ANTIOQUIA,SAN RAFAEL,6.29616667,-75.025,"6.29616667,-75.025"
CIH-2018-00010,CERRADO,"-75,025","6,29616667",IDENTIF_NO_ENTREGADO,ANTIOQUIA,SAN RAFAEL,6.29616667,-75.025,"6.29616667,-75.025"
CIH-2018-00011,CERRADO,"-75,025","6,29616667",IDENTIF_NO_ENTREGADO,ANTIOQUIA,SAN RAFAEL,6.29616667,-75.025,"6.29616667,-75.025"
CIH-2018-00012,INVALID,"-75,025","6,29616667",,ANTIOQUIA,SAN RAFAEL,6.29616667,-75.025,"6.29616667,-75.025"
CIH-2018-00013,CERRADO,"-75,025","6,29616667",IDENTIF_NO_ENTREGADO,ANTIOQUIA,SAN RAFAEL,6.29616667,-75.025,"6.29616667,-75.025"
CIH-2018-00014,CERRADO,"-75,025","6,29616667",IDENTIF_NO_ENTREGADO,ANTIOQUIA,SAN RAFAEL,6.29616667,-75.025,"6.29616667,-75.025"
CIH-2018-00015,CERRADO,"-75,025","6,29616667",IDENTIF_NO_ENTREGADO,ANTIOQUIA,SAN RAFAEL,6.29616667,-75.025,"6.29616667,-75.025"
CIH-2018-00016,CERRADO,"-75,025","6,29616667",IDENTIF_NO_ENTREGADO,ANTIOQUIA,SAN RAFAEL,6.29616667,-75.025,"6.29616667,-75.025"
CIH-2018-00017,CERRADO,"-75,025","6,29616667",IDENTIF_NO_ENTREGADO,ANTIOQUIA,SAN RAFAEL,6.29616667,-75.025,"6.29616667,-75.025"
CIH-2018-00018,PEND.RESULT.GENETICA,"-76,0306667","5,78491667",IDENTIF_NO_ENTREGADO,ANTIOQUIA,CIUDAD BOLÍVAR,5.78491667,-76.0306667,"5.78491667,-76.0306667"
CIH-2018-00019,CERRADO,"-76,1485278","6,94402778",IDENTIF_ENTREGADO,ANTIOQUIA,URAMITA,6.94402778,-76.1485278,"6.94402778,-76.1485278"
CIH-2018-00020,CERRADO,"-76,1485278","6,94402778",IDENTIF_ENTREGADO,ANTIOQUIA,URAMITA,6.94402778,-76.1485278,"6.94402778,-76.1485278"
CIH-2018-00021,PEND.RESULT.GENETICA,"-75,5869444","6,30080556",NO_IDENTIFICADO,ANTIOQUIA,BELLO,6.30080556,-75.5869444,"6.30080556,-75.5869444"
CIH-2018-00022,CERRADO,"-74,8084722","6,06108333",IDENTIF_ENTREGADO,ANTIOQUIA,SAN LUIS,6.06108333,-74.8084722,"6.06108333,-74.8084722"
CIH-2018-00023,CERRADO,"-74,8245556","6,84963889",IDENTIF_ENTREGADO,ANTIOQUIA,SONSON,6.84963889,-74.8245556,"6.84963889,-74.8245556"
CIH-2018-00024,CERRADO,"-74,8245556","6,8496389",IDENTIF_ENTREGADO,ANTIOQUIA,SONSON,6.8496389,-74.8245556,"6.8496389,-74.8245556"
CIH-2018-00025,CERRADO,"-76,52861","8,7611",IDENTIF_ENTREGADO,ANTIOQUIA,SAN JUAN DE URABÁ,8.7611,-76.52861,"8.7611,-76.52861"
CIH-2018-00026,CERRADO,-77.1133,7.438.611,IDENTIF_ENTREGADO,CHOCÓ,RIOSUCIO,7.438.611,-77.1133,"7.438.611,-77.1133"
CIH-2018-00027,CERRADO,"-75,99613889","8,449527778",IDENTIF_ENTREGADO,CÓRDOBA,MONTERÍA,8.449527778,-75.99613889,"8.449527778,-75.99613889"
CIH-2018-00028,CERRADO,-75.97916,"5,7347222",IDENTIF_ENTREGADO,ANTIOQUIA,BETANIA,5.7347222,-75.97916,"5.7347222,-75.97916"
CIH-2018-00029,CERRADO,"-75,88138889","8,731388889",IDENTIF_ENTREGADO,CÓRDOBA,MONTERÍA,8.731388889,-75.88138889,"8.731388889,-75.88138889"
CIH-2018-00030,CERRADO,"-75,99613889","8,449527778",IDENTIF_ENTREGADO,CÓRDOBA,MONTERÍA,8.449527778,-75.99613889,"8.449527778,-75.99613889"
CIH-2018-00031,CERRADO,"-75,99613889","8,449527778",IDENTIF_ENTREGADO,CÓRDOBA,MONTERÍA,8.449527778,-75.99613889,"8.449527778,-75.99613889"
CIH-2018-00032,CERRADO,"-75,88138889","8,731388889",IDENTIF_ENTREGADO,CÓRDOBA,MONTERÍA,8.731388889,-75.88138889,"8.731388889,-75.88138889"
CIH-2018-00033,PEND.RESULT.GENETICA,"-76,10886111","8,840861111",NO_IDENTIF_EN_PROCES,CÓRDOBA,MONTERÍA,8.840861111,-76.10886111,"8.840861111,-76.10886111"
CIH-2018-00034,PEND.RESULT.GENETICA,"-76,11986111","8,899805556",IDENTIF_ENTREGADO,CÓRDOBA,MONTERÍA,8.899805556,-76.11986111,"8.899805556,-76.11986111"
CIH-2018-00035,PEND.RESULT.GENETICA,"-76,11986111","8,899805556",NO_IDENTIFICADO,CÓRDOBA,MONTERÍA,8.899805556,-76.11986111,"8.899805556,-76.11986111"
CIH-2018-00036,PEND.RESULT.GENETICA,"-75,88","8,731388889",NO_IDENTIFICADO,CÓRDOBA,MONTERÍA,8.731388889,-75.88,"8.731388889,-75.88"
CIH-2018-00037,CERRADO,"-75,02291667","7,844944444",IDENTIF_ENTREGADO,ANTIOQUIA,CAUCASIA,7.844944444,-75.02291667,"7.844944444,-75.02291667"
CIH-2018-00038,PEND.RESULT.GENETICA,"-75,02291667","7,844944444",NO_IDENTIFICADO,ANTIOQUIA,CAUCASIA,7.844944444,-75.02291667,"7.844944444,-75.02291667"
CIH-2018-00039,PEND.RESULT.GENETICA,"-75,02291667","7,844944444",NO_IDENTIFICADO,ANTIOQUIA,CAUCASIA,7.844944444,-75.02291667,"7.844944444,-75.02291667"
CIH-2018-00040,PEND.RESULT.GENETICA,"-75,02291667","7,844944444",NO_IDENTIFICADO,ANTIOQUIA,CAUCASIA,7.844944444,-75.02291667,"7.844944444,-75.02291667"
CIH-2018-00041,CERRADO,"-75,02291667","7,844944444",NO_IDENTIFICADO,ANTIOQUIA,CAUCASIA,7.844944444,-75.02291667,"7.844944444,-75.02291667"
CIH-2018-00042,PEND.RESULT.GENETICA,"-75,02291667","7,844944444",NO_IDENTIFICADO,ANTIOQUIA,CAUCASIA,7.844944444,-75.02291667,"7.844944444,-75.02291667"
CIH-2018-00043,PEND.RESULT.GENETICA,"-75,02291667","7,844944444",NO_IDENTIFICADO,ANTIOQUIA,CAUCASIA,7.844944444,-75.02291667,"7.844944444,-75.02291667"
CIH-2018-00044,PEND.RESULT.GENETICA,"-75,02291667","7,844944444",NO_IDENTIFICADO,ANTIOQUIA,CAUCASIA,7.844944444,-75.02291667,"7.844944444,-75.02291667"
CIH-2018-00045,PEND.RESULT.GENETICA,"-75,02291667","7,844944444",NO_IDENTIFICADO,ANTIOQUIA,CAUCASIA,7.844944444,-75.02291667,"7.844944444,-75.02291667"
CIH-2018-00046,PEND.RESULT.GENETICA,"-75,02291667","7,844944444",NO_IDENTIFICADO,ANTIOQUIA,CAUCASIA,7.844944444,-75.02291667,"7.844944444,-75.02291667"
CIH-2018-00047,PEND.RESULT.GENETICA,"-75,02291667","7,844944444",NO_IDENTIFICADO,ANTIOQUIA,CAUCASIA,7.844944444,-75.02291667,"7.844944444,-75.02291667"
CIH-2018-00048,PEND.RESULT.GENETICA,"-75,02291667","7,844944444",NO_IDENTIF_EN_PROCES,ANTIOQUIA,CAUCASIA,7.844944444,-75.02291667,"7.844944444,-75.02291667"
CIH-2018-00049,CERRADO,"-75,02291667","7,844944444",IDENTIF_ENTREGADO,ANTIOQUIA,CAUCASIA,7.844944444,-75.02291667,"7.844944444,-75.02291667"
CIH-2018-00050,CERRADO,"-75,02291667","7,844944444",IDENTIF_ENTREGADO,ANTIOQUIA,CAUCASIA,7.844944444,-75.02291667,"7.844944444,-75.02291667"
CIH-2018-00051,PEND.RESULT.GENETICA,"-75,82925","6,928472222",NO_IDENTIFICADO,ANTIOQUIA,PEQUE,6.928472222,-75.82925,"6.928472222,-75.82925"
CIH-2018-00052,CERRADO,"-75,51188333","7,644616667",IDENTIF_ENTREGADO,ANTIOQUIA,TARAZÁ,7.644616667,-75.51188333,"7.644616667,-75.51188333"
CIH-2018-00053,PEND.RESULT.GENETICA,"-75,02280556","7,845",NO_IDENTIFICADO,ANTIOQUIA,CAUCASIA,7.845,-75.02280556,"7.845,-75.02280556"
CIH-2018-00054,PEND.RESULT.GENETICA,"-75,02280556","7,845",NO_IDENTIFICADO,ANTIOQUIA,CAUCASIA,7.845,-75.02280556,"7.845,-75.02280556"
CIH-2018-00055,PEND.RESULT.GENETICA,"-75,02280556","6,27789722",NO_IDENTIFICADO,ANTIOQUIA,MEDELLÍN,6.27789722,-75.02280556,"6.27789722,-75.02280556"
CIH-2018-00056,PEND.RESULT.GENETICA,-75.19805,"7,98472",NO_IDENTIFICADO,ANTIOQUIA,CAUCASIA,7.98472,-75.19805,"7.98472,-75.19805"
CIH-2018-00057,CERRADO,"-75,02280556","7,845",IDENTIF_ENTREGADO,ANTIOQUIA,CAUCASIA,7.845,-75.02280556,"7.845,-75.02280556"
CIH-2018-00058,PEND.RESULT.GENETICA,"-75,02280556","7,845",NO_IDENTIF_EN_PROCES,ANTIOQUIA,CAUCASIA,7.845,-75.02280556,"7.845,-75.02280556"
CIH-2018-00059,PEND.RESULT.GENETICA,"-75,02280556","7,845",NO_IDENTIFICADO,ANTIOQUIA,CAUCASIA,7.845,-75.02280556,"7.845,-75.02280556"
CIH-2018-00060,CERRADO,"-75,02280556","7,845",IDENTIF_ENTREGADO,ANTIOQUIA,CAUCASIA,7.845,-75.02280556,"7.845,-75.02280556"
CIH-2018-00061,PEND.RESULT.GENETICA,"-75,02280556","7,845",NO_IDENTIFICADO,ANTIOQUIA,CAUCASIA,7.845,-75.02280556,"7.845,-75.02280556"
CIH-2018-00062,CERRADO,"-75,02280556","7,845",IDENTIF_ENTREGADO,ANTIOQUIA,CAUCASIA,7.845,-75.02280556,"7.845,-75.02280556"
CIH-2018-00063,PEND.RESULT.GENETICA,"-75,02280556","7,845",IDENTIF_NO_ENTREGADO,ANTIOQUIA,CAUCASIA,7.845,-75.02280556,"7.845,-75.02280556"
CIH-2018-00064,PEND.RESULT.GENETICA,"-75,02280556","7,845",NO_IDENTIFICADO,ANTIOQUIA,CAUCASIA,7.845,-75.02280556,"7.845,-75.02280556"
CIH-2018-00065,CERRADO,"-75,02280556","7,845",IDENTIF_ENTREGADO,ANTIOQUIA,CAUCASIA,7.845,-75.02280556,"7.845,-75.02280556"
CIH-2018-00066,CERRADO,"-75,02280556","7,845",IDENTIF_ENTREGADO,ANTIOQUIA,CAUCASIA,7.845,-75.02280556,"7.845,-75.02280556"
CIH-2018-00067,CERRADO,"-75,02280556","7,845",IDENTIF_ENTREGADO,ANTIOQUIA,CAUCASIA,7.845,-75.02280556,"7.845,-75.02280556"
CIH-2018-00068,PEND.RESULT.GENETICA,"-75,02283333","7,844638889",NO_IDENTIFICADO,ANTIOQUIA,CAUCASIA,7.844638889,-75.02283333,"7.844638889,-75.02283333"
CIH-2018-00069,PEND.RESULT.GENETICA,"-75,02283333","7,844638889",NO_IDENTIF_EN_PROCES,ANTIOQUIA,CAUCASIA,7.844638889,-75.02283333,"7.844638889,-75.02283333"
CIH-2018-00070,PEND.RESULT.GENETICA,"-75,02283333","7,844638889",NO_IDENTIF_EN_PROCES,ANTIOQUIA,CAUCASIA,7.844638889,-75.02283333,"7.844638889,-75.02283333"
CIH-2018-00071,CERRADO,"-75,02283333","7,844638889",IDENTIF_ENTREGADO,ANTIOQUIA,CAUCASIA,7.844638889,-75.02283333,"7.844638889,-75.02283333"
CIH-2018-00072,CERRADO,"-75,02283333","7,844638889",IDENTIF_ENTREGADO,ANTIOQUIA,CAUCASIA,7.844638889,-75.02283333,"7.844638889,-75.02283333"
CIH-2018-00073,CERRADO,"-75,02283333","7,844638889",IDENTIF_ENTREGADO,ANTIOQUIA,CAUCASIA,7.844638889,-75.02283333,"7.844638889,-75.02283333"
CIH-2018-00074,PEND.RESULT.GENETICA,"-75,02283333","7,844638889",NO_IDENTIFICADO,ANTIOQUIA,CAUCASIA,7.844638889,-75.02283333,"7.844638889,-75.02283333"
CIH-2018-00075,PEND.RESULT.GENETICA,"-75,52986111","6,587222222",NO_IDENTIFICADO,ANTIOQUIA,SAN PEDRO DE LOS MILAGROS,6.587222222,-75.52986111,"6.587222222,-75.52986111"
CIH-2018-00076,PEND.RESULT.GENETICA,"-75,67166","7,888055",IDENTIF_NO_ENTREGADO,CÓRDOBA,PUERTO LIBERTADOR,7.888055,-75.67166,"7.888055,-75.67166"
CIH-2018-00077,CERRADO,"-76,3825278","8,14011111",IDENTIF_ENTREGADO,ANTIOQUIA,SAN PEDRO DE URABA,8.14011111,-76.3825278,"8.14011111,-76.3825278"
CIH-2018-00078,CERRADO,"-75,7","8,516805556",IDENTIF_ENTREGADO,CÓRDOBA,PLANETA RICA,8.516805556,-75.7,"8.516805556,-75.7"
CIH-2019-00079,CERRADO,"-75,1","6,377305556",IDENTIF_ENTREGADO,ANTIOQUIA,ALEJANDRÍA,6.377305556,-75.1,"6.377305556,-75.1"
CIH-2019-00080,PEND.RESULT.GENETICA,"-74,77505556","5,940416667",NO_IDENTIF_EN_PROCES,ANTIOQUIA,PUERTO TRIUNFO,5.940416667,-74.77505556,"5.940416667,-74.77505556"
CIH-2019-00081,CERRADO,"-75,04572222","5,915",IDENTIF_ENTREGADO,ANTIOQUIA,SAN FRANCISCO,5.915,-75.04572222,"5.915,-75.04572222"
CIH-2019-00082,PEND.RESULT.GENETICA,"-74,63747222","5,875305556",IDENTIF_ENTREGADO,ANTIOQUIA,PUERTO TRIUNFO,5.875305556,-74.63747222,"5.875305556,-74.63747222"
CIH-2019-00083,PEND.RESULT.GENETICA,"-76,16980278","6,902905556",NO_IDENTIFICADO,ANTIOQUIA,URAMITA,6.902905556,-76.16980278,"6.902905556,-76.16980278"
CIH-2019-00084,PEND.RESULT.GENETICA,-74.70166,"7,078055",IDENTIF_NO_ENTREGADO,ANTIOQUIA,SEGOVIA,7.078055,-74.70166,"7.078055,-74.70166"
CIH-2019-00085,CERRADO,-74.70166,"7,078055",IDENTIF_ENTREGADO,ANTIOQUIA,SEGOVIA,7.078055,-74.70166,"7.078055,-74.70166"
CIH-2019-00086,CERRADO,-76.134166,"6,31555",IDENTIF_ENTREGADO,ANTIOQUIA,URRAO,6.31555,-76.134166,"6.31555,-76.134166"
CIH-2019-00087,CERRADO,-76.134166,"6,31555",IDENTIF_ENTREGADO,ANTIOQUIA,URRAO,6.31555,-76.134166,"6.31555,-76.134166"
CIH-2019-00088,PEND.RESULT.GENETICA,-75.8275,"6,5563",IDENTIF_NO_ENTREGADO,ANTIOQUIA,SANTAFÉ DE ANTIOQUIA,6.5563,-75.8275,"6.5563,-75.8275"
CIH-2019-00089,PEND.RESULT.GENETICA,-74.69388,"7,0275",NO_IDENTIF_EN_PROCES,ANTIOQUIA,REMEDIOS,7.0275,-74.69388,"7.0275,-74.69388"
CIH-2019-00090,PEND.RESULT.GENETICA,-74.69388,"7,0275",NO_IDENTIFICADO,ANTIOQUIA,REMEDIOS,7.0275,-74.69388,"7.0275,-74.69388"
CIH-2019-00091,CERRADO,-76.134166,"6,31555",IDENTIF_ENTREGADO,ANTIOQUIA,URRAO,6.31555,-76.134166,"6.31555,-76.134166"
CIH-2019-00092,CERRADO,-76.134166,"6,31555",IDENTIF_ENTREGADO,ANTIOQUIA,URRAO,6.31555,-76.134166,"6.31555,-76.134166"
CIH-2019-00093,PEND.RESULT.GENETICA,"-75,9155556","6,05625",IDENTIF_ENTREGADO,ANTIOQUIA,BETULIA,6.05625,-75.9155556,"6.05625,-75.9155556"
CIH-2019-00094,REVISION TECNICA,"-75,9155556","6,05625",NO_IDENTIFICADO,ANTIOQUIA,BETULIA,6.05625,-75.9155556,"6.05625,-75.9155556"
CIH-2019-00095,PEND.RESULT.GENETICA,"-75,334166","6,081944",NO_IDENTIF_EN_PROCES,ANTIOQUIA,EL CARMEN DE VIBORAL,6.081944,-75.334166,"6.081944,-75.334166"
CIH-2019-00096,CERRADO,-75.426944,"5,79055",IDENTIF_ENTREGADO,ANTIOQUIA,ABEJORRAL,5.79055,-75.426944,"5.79055,-75.426944"
CIH-2019-00097,PEND.RESULT.GENETICA,-75.5103,"6,34861",NO_IDENTIFICADO,ANTIOQUIA,COPACABANA,6.34861,-75.5103,"6.34861,-75.5103"
CIH-2019-00098,PEND.RESULT.GENETICA,"-75,4461111","6,376944",NO_IDENTIF_EN_PROCES,ANTIOQUIA,GIRARDOTA,6.376944,-75.4461111,"6.376944,-75.4461111"
CIH-2019-00099,PEND.RESULT.GENETICA,"-75,085","6,59488889",NO_IDENTIFICADO,ANTIOQUIA,AMALFI,6.59488889,-75.085,"6.59488889,-75.085"
CIH-2019-00100,PEND.RESULT.GENETICA,-75.8275,"6,5563",IDENTIF_NO_ENTREGADO,ANTIOQUIA,SANTAFÉ DE ANTIOQUIA,6.5563,-75.8275,"6.5563,-75.8275"
CIH-2019-00101,CERRADO,-75.8275,"6,5563",IDENTIF_ENTREGADO,ANTIOQUIA,SANTAFÉ DE ANTIOQUIA,6.5563,-75.8275,"6.5563,-75.8275"
CIH-2019-00102,REVISION TECNICA,"-75,5735","6,277861111",NO_IDENTIFICADO,ANTIOQUIA,MEDELLÍN,6.277861111,-75.5735,"6.277861111,-75.5735"
CIH-2019-00103,PEND.RESULT.GENETICA,"-75,536","6,27789722",NO_IDENTIFICADO,ANTIOQUIA,MEDELLÍN,6.27789722,-75.536,"6.27789722,-75.536"
CIH-2019-00104,PEND.RESULT.GENETICA,"-75,30819444","5,703333333",IDENTIF_ENTREGADO,ANTIOQUIA,SONSON,5.703333333,-75.30819444,"5.703333333,-75.30819444"
CIH-2019-00105,PEND.RESULT.GENETICA,"-75,30819444","5,703333333",NO_IDENTIF_EN_PROCES,ANTIOQUIA,SONSON,5.703333333,-75.30819444,"5.703333333,-75.30819444"
CIH-2019-00106,PEND.RESULT.GENETICA,"-74,98422222","8,002055556",NO_IDENTIFICADO,ANTIOQUIA,CAUCASIA,8.002055556,-74.98422222,"8.002055556,-74.98422222"
CIH-2019-00107,PEND.RESULT.GENETICA,-75.185277,"6,1441666",NO_IDENTIFICADO,ANTIOQUIA,GRANADA,6.1441666,-75.185277,"6.1441666,-75.185277"
CIH-2019-00108,PEND.RESULT.GENETICA,"-75,5735","6,277861111",NO_IDENTIFICADO,ANTIOQUIA,MEDELLÍN,6.277861111,-75.5735,"6.277861111,-75.5735"
CIH-2019-00109,CERRADO,"-75,7648611","7,17852778",IDENTIF_ENTREGADO,ANTIOQUIA,ITUANGO,7.17852778,-75.7648611,"7.17852778,-75.7648611"
CIH-2019-00110,PEND.RESULT.GENETICA,"-75,7648611","7,17852778",NO_IDENTIFICADO,ANTIOQUIA,ITUANGO,7.17852778,-75.7648611,"7.17852778,-75.7648611"
CIH-2019-00111,CERRADO,"-75,7648611","7,17852778",IDENTIF_ENTREGADO,ANTIOQUIA,ITUANGO,7.17852778,-75.7648611,"7.17852778,-75.7648611"
CIH-2019-00112,CERRADO,"-75,7648611","7,17852778",IDENTIF_ENTREGADO,ANTIOQUIA,ITUANGO,7.17852778,-75.7648611,"7.17852778,-75.7648611"
CIH-2019-00113,PEND.RESULT.GENETICA,"-75,7648611","7,17852778",NO_IDENTIFICADO,ANTIOQUIA,ITUANGO,7.17852778,-75.7648611,"7.17852778,-75.7648611"
CIH-2019-00114,CERRADO,"-75,7648611","7,17852778",IDENTIF_ENTREGADO,ANTIOQUIA,ITUANGO,7.17852778,-75.7648611,"7.17852778,-75.7648611"
CIH-2019-00115,CERRADO,"-75,7648611","7,17852778",IDENTIF_ENTREGADO,ANTIOQUIA,ITUANGO,7.17852778,-75.7648611,"7.17852778,-75.7648611"
CIH-2019-00116,CERRADO,"-74,84663889","6,67325",IDENTIF_ENTREGADO,ANTIOQUIA,YALÍ,6.67325,-74.84663889,"6.67325,-74.84663889"
CIH-2019-00117,CERRADO,"-75,9155556","6,05625",IDENTIF_ENTREGADO,ANTIOQUIA,BETULIA,6.05625,-75.9155556,"6.05625,-75.9155556"
CIH-2019-00118,CERRADO,"-76,30638889","8,435333333",,ANTIOQUIA,SAN PEDRO DE URABA,8.435333333,-76.30638889,"8.435333333,-76.30638889"
CIH-2019-00119,PEND.RESULT.GENETICA,"-74,73116667","5,736472222",NO_IDENTIF_EN_PROCES,ANTIOQUIA,SONSON,5.736472222,-74.73116667,"5.736472222,-74.73116667"
CIH-2019-00120,PEND.RESULT.GENETICA,"-74,73116667","5,736472222",NO_IDENTIFICADO,ANTIOQUIA,SONSON,5.736472222,-74.73116667,"5.736472222,-74.73116667"
CIH-2019-00121,PEND.RESULT.GENETICA,"-75,63611","6,0886111",IDENTIF_NO_ENTREGADO,ANTIOQUIA,CALDAS,6.0886111,-75.63611,"6.0886111,-75.63611"
CIH-2019-00122,CERRADO,"-76,0602","8,180377778",IDENTIF_ENTREGADO,CÓRDOBA,TIERRALTA,8.180377778,-76.0602,"8.180377778,-76.0602"
CIH-2019-00123,CERRADO,"-74,80408333","5,716138889",IDENTIF_ENTREGADO,ANTIOQUIA,SONSON,5.716138889,-74.80408333,"5.716138889,-74.80408333"
CIH-2019-00124,PEND.RESULT.GENETICA,"-74,99677778","6,045638889",NO_IDENTIFICADO,ANTIOQUIA,SAN LUIS,6.045638889,-74.99677778,"6.045638889,-74.99677778"
CIH-2019-00125,CERRADO,"-76,03863889","6,980361111",IDENTIF_ENTREGADO,ANTIOQUIA,DABEIBA,6.980361111,-76.03863889,"6.980361111,-76.03863889"
CIH-2019-00126,CERRADO,"-76,03863889","6,980361111",IDENTIF_ENTREGADO,ANTIOQUIA,DABEIBA,6.980361111,-76.03863889,"6.980361111,-76.03863889"
CIH-2019-00127,PEND.RESULT.GENETICA,"-74,73116667","5,736472222",NO_IDENTIFICADO,ANTIOQUIA,SONSON,5.736472222,-74.73116667,"5.736472222,-74.73116667"
CIH-2019-00128,PEND.RESULT.GENETICA,"-76,19772222","7,369444444",NO_IDENTIF_EN_PROCES,ANTIOQUIA,DABEIBA,7.369444444,-76.19772222,"7.369444444,-76.19772222"
CIH-2019-00129,CERRADO,"-76,19772222","7,369444444",IDENTIF_ENTREGADO,ANTIOQUIA,DABEIBA,7.369444444,-76.19772222,"7.369444444,-76.19772222"
CIH-2019-00130,PEND.RESULT.GENETICA,"-75,5735","6,277861111",NO_IDENTIFICADO,ANTIOQUIA,MEDELLÍN,6.277861111,-75.5735,"6.277861111,-75.5735"
CIH-2020-00134,PEND.RESULT.GENETICA,"-76,71","7,985491667",NO_IDENTIFICADO,ANTIOQUIA,PEQUE,7.985491667,-76.71,"7.985491667,-76.71"
CIH-2020-00135,CERRADO,"-75,5869444","6,30080556",IDENTIF_ENTREGADO,ANTIOQUIA,BELLO,6.30080556,-75.5869444,"6.30080556,-75.5869444"
CIH-2020-00136,CERRADO,"-76,19772222","7,369444444",IDENTIF_ENTREGADO,ANTIOQUIA,DABEIBA,7.369444444,-76.19772222,"7.369444444,-76.19772222"
CIH-2020-00137,CERRADO,"-76,2","7,036111111",IDENTIF_ENTREGADO,ANTIOQUIA,DABEIBA,7.036111111,-76.2,"7.036111111,-76.2"
CIH-2020-00138,CERRADO,"-76,03","7,000722222",IDENTIF_ENTREGADO,ANTIOQUIA,DABEIBA,7.000722222,-76.03,"7.000722222,-76.03"
CIH-2020-00139,CERRADO,"-76,03","7,000722222",IDENTIF_ENTREGADO,ANTIOQUIA,DABEIBA,7.000722222,-76.03,"7.000722222,-76.03"
CIH-2020-00140,PEND.RESULT.GENETICA,-75.8275,"6,5563",IDENTIF_NO_ENTREGADO,ANTIOQUIA,SANTAFÉ DE ANTIOQUIA,6.5563,-75.8275,"6.5563,-75.8275"
CIH-2020-00141,PEND.RESULT.GENETICA,"-75,620.0 ","6,216611111",NO_IDENTIF_EN_PROCES,ANTIOQUIA,NECOCLÍ,6.216611111,-75.620.0 ,"6.216611111,-75.620.0 "
CIH-2020-00142,CERRADO,"-76,640.0 ","8,41675",IDENTIF_ENTREGADO,ANTIOQUIA,NECOCLÍ,8.41675,-76.640.0 ,"8.41675,-76.640.0 "
CIH-2020-00143,CERRADO,"-76,62","8,539166667",IDENTIF_ENTREGADO,ANTIOQUIA,NECOCLÍ,8.539166667,-76.62,"8.539166667,-76.62"
CIH-2021-00151,PEND.RESULT.GENETICA,"-75,91","6,048983333",NO_IDENTIFICADO,ANTIOQUIA,CONCORDIA,6.048983333,-75.91,"6.048983333,-75.91"
CIH-2021-00152,PEND.RESULT.GENETICA,"-75,881","8,449416667",NO_IDENTIF_EN_PROCES,CÓRDOBA,MONTERÍA,8.449416667,-75.881,"8.449416667,-75.881"
CIH-2021-00153,PEND.RESULT.GENETICA,"-75,86","8,741138889",NO_IDENTIF_EN_PROCES,CÓRDOBA,MONTERÍA,8.741138889,-75.86,"8.741138889,-75.86"
CIH-2021-00154,CERRADO,"-76,16","8,260888889",IDENTIF_ENTREGADO,CÓRDOBA,VALENCIA,8.260888889,-76.16,"8.260888889,-76.16"
CIH-2021-00155,CERRADO,"-76,16","8,260888889",IDENTIF_ENTREGADO,CÓRDOBA,VALENCIA,8.260888889,-76.16,"8.260888889,-76.16"
CIH-2021-00156,CERRADO,"-76,65239722","7,779222222",IDENTIF_ENTREGADO,ANTIOQUIA,CAREPA,7.779222222,-76.65239722,"7.779222222,-76.65239722"
CIH-2021-00157,CERRADO,"-76,72425","8,095222222",IDENTIF_ENTREGADO,ANTIOQUIA,TURBO,8.095222222,-76.72425,"8.095222222,-76.72425"
CIH-2021-00158,CERRADO,"-74,81908333","7,344638889",IDENTIF_ENTREGADO,ANTIOQUIA,ZARAGOZA,7.344638889,-74.81908333,"7.344638889,-74.81908333"
CIH-2021-00159,CERRADO,"-74,80030556","7,337888889",IDENTIF_ENTREGADO,ANTIOQUIA,ZARAGOZA,7.337888889,-74.80030556,"7.337888889,-74.80030556"
CIH-2021-00160,PEND.RESULT.GENETICA,"-76,11986111","8,899805556",NO_IDENTIFICADO,CÓRDOBA,MONTERÍA,8.899805556,-76.11986111,"8.899805556,-76.11986111"
CIH-2021-00161,CERRADO,"-75,764638890.0 ","7,178666667",IDENTIF_ENTREGADO,ANTIOQUIA,ITUANGO,7.178666667,-75.764638890.0 ,"7.178666667,-75.764638890.0 "
CIH-2021-00162,CERRADO,"-75,76930278","7,945555556",IDENTIF_ENTREGADO,ANTIOQUIA,ITUANGO,7.945555556,-75.76930278,"7.945555556,-75.76930278"
CIH-2021-00163,REVISION TECNICA,"-75,76930278","7,945555556",IDENTIF_NO_ENTREGADO,ANTIOQUIA,ITUANGO,7.945555556,-75.76930278,"7.945555556,-75.76930278"
CIH-2021-00164,CERRADO,"-75,76463889","7,178666667",IDENTIF_ENTREGADO,ANTIOQUIA,ITUANGO,7.178666667,-75.76463889,"7.178666667,-75.76463889"
CIH-2021-00165,CERRADO,"-75,76463889","7,178666667",IDENTIF_ENTREGADO,ANTIOQUIA,ITUANGO,7.178666667,-75.76463889,"7.178666667,-75.76463889"
CIH-2021-00166,PEND.RESULT.GENETICA,"-77,270277","5,706944",IDENTIF_NO_ENTREGADO,CHOCÓ,NUQUÍ,5.706944,-77.270277,"5.706944,-77.270277"
CIH-2021-00167,REVISION TECNICA,"-75,89772222","6,049638889",NO_IDENTIFICADO,ANTIOQUIA,CONCORDIA,6.049638889,-75.89772222,"6.049638889,-75.89772222"
CIH-2021-00168,CERRADO,"-75,8579167","8,74144444",IDENTIF_ENTREGADO,CÓRDOBA,MONTERÍA,8.74144444,-75.8579167,"8.74144444,-75.8579167"
CIH-2021-00169,PEND.RESULT.GENETICA,-76.635,"7,88472",NO_IDENTIFICADO,ANTIOQUIA,APARTADÓ,7.88472,-76.635,"7.88472,-76.635"
CIH-2021-00170,PEND.RESULT.GENETICA,"-75,514166","6,5652",IDENTIF_NO_ENTREGADO,ANTIOQUIA,ENTRERRIOS,6.5652,-75.514166,"6.5652,-75.514166"
CIH-2021-00171,PEND.RESULT.GENETICA,-76.7283,"8,09305",NO_IDENTIFICADO,ANTIOQUIA,TURBO,8.09305,-76.7283,"8.09305,-76.7283"
CIH-2021-00172,PEND.RESULT.GENETICA,-76.635,"7,88472",NO_IDENTIFICADO,ANTIOQUIA,APARTADÓ,7.88472,-76.635,"7.88472,-76.635"
CIH-2021-00173,EN CURSO,"-76,71330556","7,378944444",NO_IDENTIF_EN_PROCES,CHOCÓ,RIOSUCIO,7.378944444,-76.71330556,"7.378944444,-76.71330556"
CIH-2021-00174,PEND.RESULT.GENETICA,"-76,71330556","7,158944444",NO_IDENTIFICADO,CHOCÓ,RIOSUCIO,7.158944444,-76.71330556,"7.158944444,-76.71330556"
CIH-2021-00176,CERRADO,"-77,08866389","8,040169444",IDENTIF_ENTREGADO,CHOCÓ,UNGUÍA,8.040169444,-77.08866389,"8.040169444,-77.08866389"
CIH-2021-00177,PEND.RESULT.GENETICA,"-77,04969167","8,159944444",IDENTIF_NO_ENTREGADO,CHOCÓ,UNGUÍA,8.159944444,-77.04969167,"8.159944444,-77.04969167"
CIH-2021-00178,CERRADO,"-77,08866389","8,040169444",IDENTIF_ENTREGADO,CHOCÓ,UNGUÍA,8.040169444,-77.08866389,"8.040169444,-77.08866389"
CIH-2021-00179,CERRADO,"-77,08833889","8,039944444",IDENTIF_ENTREGADO,CHOCÓ,UNGUÍA,8.039944444,-77.08833889,"8.039944444,-77.08833889"
CIH-2021-00180,PEND.RESULT.GENETICA,"-75,51958333","7,641875",NO_IDENTIF_EN_PROCES,ANTIOQUIA,TARAZÁ,7.641875,-75.51958333,"7.641875,-75.51958333"
CIH-2021-00181,REVISION TECNICA,"-75,11861111","6,35",NO_IDENTIF_EN_PROCES,ANTIOQUIA,ALEJANDRÍA,6.35,-75.11861111,"6.35,-75.11861111"
CIH-2021-00182,REVISION TECNICA,"-75,06847222","6,344583333",NO_IDENTIFICADO,ANTIOQUIA,ALEJANDRÍA,6.344583333,-75.06847222,"6.344583333,-75.06847222"
CIH-2021-00183,PEND.RESULT.GENETICA,"-75,34638889","7,579722222",IDENTIF_ENTREGADO,ANTIOQUIA,CÁCERES,7.579722222,-75.34638889,"7.579722222,-75.34638889"
CIH-2021-00184,PEND.RESULT.GENETICA,"-74,87038889","7,48925",NO_IDENTIF_EN_PROCES,ANTIOQUIA,ZARAGOZA,7.48925,-74.87038889,"7.48925,-74.87038889"
CIH-2021-00185,CERRADO,"-75,34638889","7,579722222",IDENTIF_ENTREGADO,ANTIOQUIA,CÁCERES,7.579722222,-75.34638889,"7.579722222,-75.34638889"
CIH-2021-00186,PEND.RESULT.GENETICA,"-75,334166","6,081944",IDENTIF_NO_ENTREGADO,ANTIOQUIA,EL CARMEN DE VIBORAL,6.081944,-75.334166,"6.081944,-75.334166"
CIH-2021-00187,PEND.RESULT.GENETICA,"-75,334166","6,081944",IDENTIF_NO_ENTREGADO,ANTIOQUIA,EL CARMEN DE VIBORAL,6.081944,-75.334166,"6.081944,-75.334166"
CIH-2021-00188,PEND.RESULT.GENETICA,"-75,7336","9,9608333",IDENTIF_NO_ENTREGADO,ANTIOQUIA,VENECIA,9.9608333,-75.7336,"9.9608333,-75.7336"
CIH-2021-00189,REVISION TECNICA,"-75,06402778","6,346888889",NO_IDENTIFICADO,ANTIOQUIA,ALEJANDRÍA,6.346888889,-75.06402778,"6.346888889,-75.06402778"
CIH-2021-00190,CERRADO,"-75,06402778","6,346888889",IDENTIF_ENTREGADO,ANTIOQUIA,ALEJANDRÍA,6.346888889,-75.06402778,"6.346888889,-75.06402778"
CIH-2021-00191,REVISION TECNICA,"-75,06397222","6,346888889",NO_IDENTIFICADO,ANTIOQUIA,ALEJANDRÍA,6.346888889,-75.06397222,"6.346888889,-75.06397222"
CIH-2021-00192,PEND.RESULT.GENETICA,"-75,06402778","6,346888889",NO_IDENTIFICADO,ANTIOQUIA,ALEJANDRÍA,6.346888889,-75.06402778,"6.346888889,-75.06402778"
CIH-2021-00193,REVISION TECNICA,"-75,06397222","6,346888889",NO_IDENTIFICADO,ANTIOQUIA,ALEJANDRÍA,6.346888889,-75.06397222,"6.346888889,-75.06397222"
CIH-2021-00194,REVISION TECNICA,"-75,06402778","6,346888889",NO_IDENTIFICADO,ANTIOQUIA,ALEJANDRÍA,6.346888889,-75.06402778,"6.346888889,-75.06402778"
CIH-2021-00195,REVISION TECNICA,"-75,06402778","6,346888889",NO_IDENTIFICADO,ANTIOQUIA,ALEJANDRÍA,6.346888889,-75.06402778,"6.346888889,-75.06402778"
CIH-2021-00196,REVISION TECNICA,"-75,06558333","6,347222222",NO_IDENTIFICADO,ANTIOQUIA,ALEJANDRÍA,6.347222222,-75.06558333,"6.347222222,-75.06558333"
CIH-2021-00197,CERRADO,"-75,06580556","6,347805556",IDENTIF_ENTREGADO,ANTIOQUIA,ALEJANDRÍA,6.347805556,-75.06580556,"6.347805556,-75.06580556"
CIH-2021-00198,CERRADO,"-76,48633333","8,373194444",IDENTIF_ENTREGADO,ANTIOQUIA,TURBO,8.373194444,-76.48633333,"8.373194444,-76.48633333"
CIH-2021-00199,CERRADO,"-76,67772222","7,68",IDENTIF_ENTREGADO,ANTIOQUIA,CHIGORODÓ,7.68,-76.67772222,"7.68,-76.67772222"
CIH-2021-00200,PEND.RESULT.GENETICA,"-76,65238889","7,756777778",NO_IDENTIFICADO,ANTIOQUIA,CAREPA,7.756777778,-76.65238889,"7.756777778,-76.65238889"
CIH-2021-00201,PEND.RESULT.GENETICA,"-76,65238889","7,756777778",NO_IDENTIFICADO,ANTIOQUIA,CAREPA,7.756777778,-76.65238889,"7.756777778,-76.65238889"
CIH-2021-00202,CERRADO,"-76,74533333","8,329027778",IDENTIF_ENTREGADO,ANTIOQUIA,NECOCLÍ,8.329027778,-76.74533333,"8.329027778,-76.74533333"
CIH-2021-00203,CERRADO,"-76,51116667","8,644027778",IDENTIF_ENTREGADO,ANTIOQUIA,ARBOLETES,8.644027778,-76.51116667,"8.644027778,-76.51116667"
CIH-2021-00204,CERRADO,"-76,51116667","8,627361111",IDENTIF_ENTREGADO,ANTIOQUIA,ARBOLETES,8.627361111,-76.51116667,"8.627361111,-76.51116667"
CIH-2021-00205,CERRADO,"-76,03863889","6,980361111",IDENTIF_ENTREGADO,ANTIOQUIA,DABEIBA,6.980361111,-76.03863889,"6.980361111,-76.03863889"
CIH-2021-00206,CERRADO,"-76,03866667","6,980333333",IDENTIF_ENTREGADO,ANTIOQUIA,DABEIBA,6.980333333,-76.03866667,"6.980333333,-76.03866667"
CIH-2021-00207,CERRADO,"-76,03866667","6,980333333",IDENTIF_ENTREGADO,ANTIOQUIA,DABEIBA,6.980333333,-76.03866667,"6.980333333,-76.03866667"
CIH-2021-00208,CERRADO,"-76,03369444","7,000666667",IDENTIF_ENTREGADO,ANTIOQUIA,DABEIBA,7.000666667,-76.03369444,"7.000666667,-76.03369444"
CIH-2021-00209,CERRADO,"-76,02961111","7,008305556",IDENTIF_ENTREGADO,ANTIOQUIA,DABEIBA,7.008305556,-76.02961111,"7.008305556,-76.02961111"
CIH-2021-00210,CERRADO,"-76,02961111","7,008305556",IDENTIF_ENTREGADO,ANTIOQUIA,DABEIBA,7.008305556,-76.02961111,"7.008305556,-76.02961111"
CIH-2021-00211,CERRADO,"-76,02961111","7,008305556",IDENTIF_ENTREGADO,ANTIOQUIA,DABEIBA,7.008305556,-76.02961111,"7.008305556,-76.02961111"
CIH-2021-00212,PEND.RESULT.GENETICA,"-75,5735","6,277861111",NO_IDENTIF_EN_PROCES,ANTIOQUIA,APARTADÓ,6.277861111,-75.5735,"6.277861111,-75.5735"
CIH-2021-00213,PEND.RESULT.GENETICA,"-75,5735","6,277861111",NO_IDENTIF_EN_PROCES,ANTIOQUIA,MEDELLÍN,6.277861111,-75.5735,"6.277861111,-75.5735"
CIH-2021-00214,PEND.RESULT.GENETICA,"-75,06880556","6,067236111",NO_IDENTIFICADO,ANTIOQUIA,SAN LUIS,6.067236111,-75.06880556,"6.067236111,-75.06880556"
CIH-2021-00215,CERRADO,"-76,13980556","5,737444444",IDENTIF_ENTREGADO,ANTIOQUIA,SONSON,5.737444444,-76.13980556,"5.737444444,-76.13980556"
CIH-2021-00216,CERRADO,"-76,13980556","5,737444444",IDENTIF_ENTREGADO,CHOCÓ,EL CARMEN DE ATRATO,5.737444444,-76.13980556,"5.737444444,-76.13980556"
GEIH-2022-00217,CERRADO,"-75,51188333","7,644616667",IDENTIF_ENTREGADO,ANTIOQUIA,TARAZÁ,7.644616667,-75.51188333,"7.644616667,-75.51188333"
GEIH-2022-00218,CERRADO,"-75,51188333","7,644616667",IDENTIF_ENTREGADO,ANTIOQUIA,TARAZÁ,7.644616667,-75.51188333,"7.644616667,-75.51188333"
GEIH-2022-00219,PEND.RESULT.GENETICA,"-75,88","8,731388889",NO_IDENTIFICADO,CÓRDOBA,MONTERÍA,8.731388889,-75.88,"8.731388889,-75.88"
GEIH-2022-00220,EN CURSO,"-75,88","8,731388889",,CÓRDOBA,MONTERÍA,8.731388889,-75.88,"8.731388889,-75.88"
GEIH-2022-00221,EN CURSO,"-75,88","8,731388889",NO_IDENTIF_EN_PROCES,CÓRDOBA,MONTERÍA,8.731388889,-75.88,"8.731388889,-75.88"
GEIH-2022-00222,EN CURSO,"-75,88","8,731388889",NO_IDENTIF_EN_PROCES,CÓRDOBA,MONTERÍA,8.731388889,-75.88,"8.731388889,-75.88"
GEIH-2022-00223,EN CURSO,"-75,88","8,731388889",NO_IDENTIF_EN_PROCES,CÓRDOBA,MONTERÍA,8.731388889,-75.88,"8.731388889,-75.88"
GEIH-2022-00224,EN CURSO,"-75,88","8,731388889",NO_IDENTIF_EN_PROCES,CÓRDOBA,MONTERÍA,8.731388889,-75.88,"8.731388889,-75.88"
GEIH-2022-00225,EN CURSO,"-75,88","8,731388889",NO_IDENTIFICADO,CÓRDOBA,MONTERÍA,8.731388889,-75.88,"8.731388889,-75.88"
GEIH-2022-00226,EN CURSO,"-75,88","8,731388889",NO_IDENTIF_EN_PROCES,CÓRDOBA,MONTERÍA,8.731388889,-75.88,"8.731388889,-75.88"
GEIH-2022-00227,EN CURSO,"-75,88","8,731388889",NO_IDENTIFICADO,CÓRDOBA,MONTERÍA,8.731388889,-75.88,"8.731388889,-75.88"
GEIH-2022-00228,EN CURSO,"-75,88","8,731388889",NO_IDENTIF_EN_PROCES,CÓRDOBA,MONTERÍA,8.731388889,-75.88,"8.731388889,-75.88"
GEIH-2022-00229,EN CURSO,"-75,88","8,731388889",NO_IDENTIF_EN_PROCES,CÓRDOBA,MONTERÍA,8.731388889,-75.88,"8.731388889,-75.88"
GEIH-2022-00230,EN CURSO,"-75,88","8,731388889",NO_IDENTIF_EN_PROCES,CÓRDOBA,MONTERÍA,8.731388889,-75.88,"8.731388889,-75.88"
GEIH-2022-00231,EN CURSO,"-75,88","8,731388889",NO_IDENTIF_EN_PROCES,CÓRDOBA,MONTERÍA,8.731388889,-75.88,"8.731388889,-75.88"
GEIH-2022-00232,EN CURSO,"-75,88","8,731388889",NO_IDENTIF_EN_PROCES,CÓRDOBA,MONTERÍA,8.731388889,-75.88,"8.731388889,-75.88"
GEIH-2022-00233,EN CURSO,"-75,88","8,731388889",NO_IDENTIF_EN_PROCES,CÓRDOBA,MONTERÍA,8.731388889,-75.88,"8.731388889,-75.88"
GEIH-2022-00234,EN CURSO,"-75,88","8,731388889",IDENTIF_NO_ENTREGADO,CÓRDOBA,MONTERÍA,8.731388889,-75.88,"8.731388889,-75.88"
GEIH-2022-00235,PEND.RESULT.GENETICA,"-75,09816667","7,178194444",IDENTIF_ENTREGADO,ANTIOQUIA,ITUANGO,7.178194444,-75.09816667,"7.178194444,-75.09816667"
GEIH-2022-00236,REVISION ADMINISTRATIVA,"-75,09816667","7,178194444",NO_IDENTIFICADO,ANTIOQUIA,ITUANGO,7.178194444,-75.09816667,"7.178194444,-75.09816667"
GEIH-2022-00237,REVISION TECNICA,"-75,09816667","7,178194444",NO_IDENTIFICADO,ANTIOQUIA,ITUANGO,7.178194444,-75.09816667,"7.178194444,-75.09816667"
GEIH-2022-00238,PEND.RESULT.GENETICA,"-75,09816667","7,178194444",NO_IDENTIFICADO,ANTIOQUIA,ITUANGO,7.178194444,-75.09816667,"7.178194444,-75.09816667"
GEIH-2022-00239,CERRADO,"-75,09816667","7,178194444",NO_IDENTIFICADO,ANTIOQUIA,ITUANGO,7.178194444,-75.09816667,"7.178194444,-75.09816667"
GEIH-2022-00240,PEND.RESULT.GENETICA,"-75,09816667","7,178194444",IDENTIF_ENTREGADO,ANTIOQUIA,ITUANGO,7.178194444,-75.09816667,"7.178194444,-75.09816667"
GEIH-2022-00241,REVISION TECNICA,"-75,09816667","7,178194444",NO_IDENTIFICADO,ANTIOQUIA,ITUANGO,7.178194444,-75.09816667,"7.178194444,-75.09816667"
GEIH-2022-00242,EN CURSO,"-75,09816667","7,178194444",NO_IDENTIFICADO,ANTIOQUIA,ITUANGO,7.178194444,-75.09816667,"7.178194444,-75.09816667"
GEIH-2022-00243,REVISION TECNICA,"-75,09816667","7,178194444",NO_IDENTIFICADO,ANTIOQUIA,ITUANGO,7.178194444,-75.09816667,"7.178194444,-75.09816667"
GEIH-2022-00244,REVISION TECNICA,"-75,09816667","7,178194444",NO_IDENTIFICADO,ANTIOQUIA,ITUANGO,7.178194444,-75.09816667,"7.178194444,-75.09816667"
GEIH-2022-00245,EN CURSO,"-75,09816667","7,178194444",NO_IDENTIFICADO,ANTIOQUIA,ITUANGO,7.178194444,-75.09816667,"7.178194444,-75.09816667"
GEIH-2022-00246,EN CURSO,"-75,09816667","7,178194444",NO_IDENTIFICADO,ANTIOQUIA,ITUANGO,7.178194444,-75.09816667,"7.178194444,-75.09816667"
GEIH-2022-00247,EN CURSO,"-75,09816667","7,178194444",NO_IDENTIFICADO,ANTIOQUIA,ITUANGO,7.178194444,-75.09816667,"7.178194444,-75.09816667"
GEIH-2022-00248,EN CURSO,"-75,09816667","7,178194444",NO_IDENTIFICADO,ANTIOQUIA,ITUANGO,7.178194444,-75.09816667,"7.178194444,-75.09816667"
GEIH-2022-00249,EN CURSO,"-75,09816667","7,178194444",NO_IDENTIFICADO,ANTIOQUIA,ITUANGO,7.178194444,-75.09816667,"7.178194444,-75.09816667"
GEIH-2022-00250,CERRADO,"-75,09816667","7,178194444",NO_IDENTIFICADO,ANTIOQUIA,ITUANGO,7.178194444,-75.09816667,"7.178194444,-75.09816667"
GEIH-2022-00251,EN CURSO,"-75,09816667","7,178194444",NO_IDENTIFICADO,ANTIOQUIA,ITUANGO,7.178194444,-75.09816667,"7.178194444,-75.09816667"
GEIH-2022-00252,EN CURSO,"-75,09816667","7,178194444",NO_IDENTIFICADO,ANTIOQUIA,ITUANGO,7.178194444,-75.09816667,"7.178194444,-75.09816667"
GEIH-2022-00253,REVISION TECNICA,"-75,09816667","7,178194444",NO_IDENTIFICADO,ANTIOQUIA,ITUANGO,7.178194444,-75.09816667,"7.178194444,-75.09816667"
GEIH-2022-00254,EN CURSO,"-75,09816667","7,178194444",NO_IDENTIFICADO,ANTIOQUIA,ITUANGO,7.178194444,-75.09816667,"7.178194444,-75.09816667"
GEIH-2022-00255,EN CURSO,"-75,51761111","7,249694444",IDENTIF_NO_ENTREGADO,ANTIOQUIA,ITUANGO,7.249694444,-75.51761111,"7.249694444,-75.51761111"
GEIH-2022-00256,EN CURSO,"-75,69316667","7,008472222",NO_IDENTIF_EN_PROCES,ANTIOQUIA,TOLEDO,7.008472222,-75.69316667,"7.008472222,-75.69316667"
GEIH-2022-00257,EN CURSO,"-75,72858333","6,331027778",IDENTIF_NO_ENTREGADO,ANTIOQUIA,EBÉJICO,6.331027778,-75.72858333,"6.331027778,-75.72858333"
GEIH-2022-00258,ASIGNADO,"-74,95594444","6,14875",,ANTIOQUIA,SAN_CARLOS,6.14875,-74.95594444,"6.14875,-74.95594444"
GEIH-2022-00259,ASIGNADO,"-74,95594444","6,14875",,ANTIOQUIA,SAN_CARLOS,6.14875,-74.95594444,"6.14875,-74.95594444"
GEIH-2022-00260,EN CURSO,"-76,6775","7,680111111",NO_IDENTIFICADO,ANTIOQUIA,CHIGORODÓ,7.680111111,-76.6775,"7.680111111,-76.6775"
GEIH-2022-00261,EN CURSO,"-76,6775","7,680111111",NO_IDENTIFICADO,ANTIOQUIA,CHIGORODÓ,7.680111111,-76.6775,"7.680111111,-76.6775"
GEIH-2022-00262,EN CURSO,"-76,6775","7,680111111",NO_IDENTIF_EN_PROCES,ANTIOQUIA,CHIGORODÓ,7.680111111,-76.6775,"7.680111111,-76.6775"
GEIH-2022-00263,PEND.RESULT.GENETICA,"-76,6775","7,680111111",NO_IDENTIFICADO,ANTIOQUIA,CHIGORODÓ,7.680111111,-76.6775,"7.680111111,-76.6775"
GEIH-2022-00264,PEND.RESULT.GENETICA,"-76,6775","7,680111111",NO_IDENTIFICADO,ANTIOQUIA,CHIGORODÓ,7.680111111,-76.6775,"7.680111111,-76.6775"
GEIH-2022-00265,PEND.RESULT.GENETICA,"-76,6775","7,680111111",NO_IDENTIFICADO,ANTIOQUIA,CHIGORODÓ,7.680111111,-76.6775,"7.680111111,-76.6775"
GEIH-2022-00266,PEND.RESULT.GENETICA,"-76,6775","7,680111111",NO_IDENTIFICADO,ANTIOQUIA,CHIGORODÓ,7.680111111,-76.6775,"7.680111111,-76.6775"
GEIH-2022-00267,PEND.RESULT.GENETICA,"-76,6775","7,680111111",NO_IDENTIFICADO,ANTIOQUIA,CHIGORODÓ,7.680111111,-76.6775,"7.680111111,-76.6775"
GEIH-2022-00268,PEND.RESULT.GENETICA,"-76,6775","7,680111111",NO_IDENTIFICADO,ANTIOQUIA,CHIGORODÓ,7.680111111,-76.6775,"7.680111111,-76.6775"
GEIH-2022-00269,PEND.RESULT.GENETICA,"-76,6775","7,680111111",NO_IDENTIFICADO,ANTIOQUIA,CHIGORODÓ,7.680111111,-76.6775,"7.680111111,-76.6775"
GEIH-2022-00270,PEND.RESULT.GENETICA,"-76,6775","7,680111111",NO_IDENTIFICADO,ANTIOQUIA,CHIGORODÓ,7.680111111,-76.6775,"7.680111111,-76.6775"
GEIH-2022-00271,EN CURSO,"-76,6775","7,680111111",NO_IDENTIFICADO,ANTIOQUIA,CHIGORODÓ,7.680111111,-76.6775,"7.680111111,-76.6775"
GEIH-2022-00272,PEND.RESULT.GENETICA,"-76,6775","7,680111111",NO_IDENTIFICADO,ANTIOQUIA,CHIGORODÓ,7.680111111,-76.6775,"7.680111111,-76.6775"
GEIH-2022-00273,PEND.RESULT.GENETICA,"-76,6775","7,680111111",NO_IDENTIFICADO,ANTIOQUIA,CHIGORODÓ,7.680111111,-76.6775,"7.680111111,-76.6775"
GEIH-2022-00274,PEND.RESULT.GENETICA,"-76,6775","7,680111111",NO_IDENTIFICADO,ANTIOQUIA,CHIGORODÓ,7.680111111,-76.6775,"7.680111111,-76.6775"
GEIH-2022-00275,PEND.RESULT.GENETICA,"-76,6775","7,680111111",NO_IDENTIFICADO,ANTIOQUIA,CHIGORODÓ,7.680111111,-76.6775,"7.680111111,-76.6775"
GEIH-2022-00276,PEND.RESULT.GENETICA,"-76,6775","7,680111111",NO_IDENTIFICADO,ANTIOQUIA,CHIGORODÓ,7.680111111,-76.6775,"7.680111111,-76.6775"
GEIH-2022-00277,PEND.RESULT.GENETICA,"-76,6775","7,680111111",NO_IDENTIFICADO,ANTIOQUIA,CHIGORODÓ,7.680111111,-76.6775,"7.680111111,-76.6775"
GEIH-2022-00278,PEND.RESULT.GENETICA,"-76,6775","7,680111111",NO_IDENTIFICADO,ANTIOQUIA,CHIGORODÓ,7.680111111,-76.6775,"7.680111111,-76.6775"
GEIH-2022-00279,PEND.RESULT.GENETICA,"-76,6775","7,680111111",NO_IDENTIFICADO,ANTIOQUIA,CHIGORODÓ,7.680111111,-76.6775,"7.680111111,-76.6775"
GEIH-2022-00280,REVISION TECNICA,"-76,6775","7,680111111",NO_IDENTIFICADO,ANTIOQUIA,CHIGORODÓ,7.680111111,-76.6775,"7.680111111,-76.6775"
GEIH-2022-00281,PEND.RESULT.GENETICA,"-76,6775","7,680111111",NO_IDENTIFICADO,ANTIOQUIA,CHIGORODÓ,7.680111111,-76.6775,"7.680111111,-76.6775"
GEIH-2022-00282,PEND.RESULT.GENETICA,"-75,48969444","8,235222222",NO_IDENTIFICADO,CÓRDOBA,BUENAVISTA,8.235222222,-75.48969444,"8.235222222,-75.48969444"
GEIH-2022-00283,PEND.RESULT.GENETICA,"-75,48969444","8,235222222",NO_IDENTIF_EN_PROCES,CÓRDOBA,BUENAVISTA,8.235222222,-75.48969444,"8.235222222,-75.48969444"
GEIH-2022-00284,PEND.RESULT.GENETICA,"-75,48969444","8,235222222",IDENTIF_NO_ENTREGADO,CÓRDOBA,BUENAVISTA,8.235222222,-75.48969444,"8.235222222,-75.48969444"
GEIH-2022-00285,PEND.RESULT.GENETICA,"-75,48969444","8,235222222",NO_IDENTIF_EN_PROCES,CÓRDOBA,BUENAVISTA,8.235222222,-75.48969444,"8.235222222,-75.48969444"
GEIH-2022-00286,PEND.RESULT.GENETICA,"-75,33077778","8,05825",NO_IDENTIFICADO,CÓRDOBA,LA APARTADA,8.05825,-75.33077778,"8.05825,-75.33077778"
GEIH-2022-00287,PENDIENTE DE ASIGNACION,"-74,99716667","6,045416667",,ANTIOQUIA,SAN LUIS,6.045416667,-74.99716667,"6.045416667,-74.99716667"
GEIH-2022-00288,PENDIENTE DE ASIGNACION,"-74,99716667","6,045416667",,ANTIOQUIA,SAN LUIS,6.045416667,-74.99716667,"6.045416667,-74.99716667"
GEIH-2022-00289,PEND.RESULT.GENETICA,-75.29583,"6,97916",NO_IDENTIFICADO,ANTIOQUIA,CAMPAMENTO,6.97916,-75.29583,"6.97916,-75.29583"
GEIH-2022-00290,PEND.RESULT.GENETICA,-75.29583,"6,97916",NO_IDENTIFICADO,ANTIOQUIA,CAMPAMENTO,6.97916,-75.29583,"6.97916,-75.29583"
GEIH-2022-00291,PEND.RESULT.GENETICA,-75.29583,"6,97916",NO_IDENTIFICADO,ANTIOQUIA,CAMPAMENTO,6.97916,-75.29583,"6.97916,-75.29583"
GEIH-2022-00292,PEND.RESULT.GENETICA,-75.29583,"6,97916",NO_IDENTIFICADO,ANTIOQUIA,CAMPAMENTO,6.97916,-75.29583,"6.97916,-75.29583"
GEIH-2022-00293,CERRADO,-75.29583,"6,97916",IDENTIF_ENTREGADO,ANTIOQUIA,CAMPAMENTO,6.97916,-75.29583,"6.97916,-75.29583"
GEIH-2022-00294,PEND.RESULT.GENETICA,-75.29583,"6,97916",NO_IDENTIFICADO,ANTIOQUIA,CAMPAMENTO,6.97916,-75.29583,"6.97916,-75.29583"
GEIH-2022-00295,PEND.RESULT.GENETICA,-75.29583,"6,97916",NO_IDENTIFICADO,ANTIOQUIA,CAMPAMENTO,6.97916,-75.29583,"6.97916,-75.29583"
GEIH-2022-00296,PEND.RESULT.GENETICA,-75.29583,"6,97916",NO_IDENTIFICADO,ANTIOQUIA,CAMPAMENTO,6.97916,-75.29583,"6.97916,-75.29583"
GEIH-2022-00297,CERRADO,-75.29583,"6,97916",IDENTIF_ENTREGADO,ANTIOQUIA,CAMPAMENTO,6.97916,-75.29583,"6.97916,-75.29583"
GEIH-2022-00298,CERRADO,-75.29583,"6,97916",IDENTIF_ENTREGADO,ANTIOQUIA,CAMPAMENTO,6.97916,-75.29583,"6.97916,-75.29583"
GEIH-2022-00299,PEND.RESULT.GENETICA,-75.29583,"6,97916",NO_IDENTIFICADO,ANTIOQUIA,CAMPAMENTO,6.97916,-75.29583,"6.97916,-75.29583"
GEIH-2022-00300,PENDIENTE DE ASIGNACION,"-74,99594444","6,186111111",,ANTIOQUIA,SAN_CARLOS,6.186111111,-74.99594444,"6.186111111,-74.99594444"
GEIH-2022-00301,PENDIENTE DE ASIGNACION,"-74,99594444","6,186111111",,ANTIOQUIA,SAN_CARLOS,6.186111111,-74.99594444,"6.186111111,-74.99594444"
GEIH-2022-00302,PEND.RESULT.GENETICA,"-74,99594444","6,186111111",NO_IDENTIF_EN_PROCES,ANTIOQUIA,SAN CARLOS,6.186111111,-74.99594444,"6.186111111,-74.99594444"
GEIH-2022-00303,PENDIENTE DE ASIGNACION,"-74,99594444","6,186111111",,ANTIOQUIA,SAN_CARLOS,6.186111111,-74.99594444,"6.186111111,-74.99594444"
GEIH-2022-00304,PENDIENTE DE ASIGNACION,"-74,99594444","6,186111111",,ANTIOQUIA,SAN_CARLOS,6.186111111,-74.99594444,"6.186111111,-74.99594444"
GEIH-2022-00305,PENDIENTE DE ASIGNACION,"-74,99594444","6,186111111",,ANTIOQUIA,SAN_CARLOS,6.186111111,-74.99594444,"6.186111111,-74.99594444"
GEIH-2022-00306,PENDIENTE DE ASIGNACION,"-74,99594444","6,186111111",,ANTIOQUIA,SAN_CARLOS,6.186111111,-74.99594444,"6.186111111,-74.99594444"
GEIH-2022-00307,PENDIENTE DE ASIGNACION,"-74,99594444","6,186111111",,ANTIOQUIA,SAN_CARLOS,6.186111111,-74.99594444,"6.186111111,-74.99594444"
GEIH-2022-00308,PROCESO DE ADMISION,"-74,99594444","6,186111111",,ANTIOQUIA,SAN_CARLOS,6.186111111,-74.99594444,"6.186111111,-74.99594444"
GEIH-2022-00309,PROCESO DE ADMISION,"-74,99594444","6,186111111",,ANTIOQUIA,SAN_CARLOS,6.186111111,-74.99594444,"6.186111111,-74.99594444"
GEIH-2022-00310,PROCESO DE ADMISION,"-74,99594444","6,186111111",,ANTIOQUIA,SAN_CARLOS,6.186111111,-74.99594444,"6.186111111,-74.99594444"
GEIH-2022-00311,PEND.RESULT.GENETICA,"-74,9956","6,186080556",IDENTIF_ENTREGADO,ANTIOQUIA,SAN_CARLOS,6.186080556,-74.9956,"6.186080556,-74.9956"
GEIH-2022-00312,PEND.RESULT.GENETICA,"-74,87038889","7,48925",NO_IDENTIFICADO,ANTIOQUIA,ZARAGOZA,7.48925,-74.87038889,"7.48925,-74.87038889"
GEIH-2022-00313,PEND.RESULT.GENETICA,"-74,99594444","6,186111111",NO_IDENTIF_EN_PROCES,ANTIOQUIA,SAN_CARLOS,6.186111111,-74.99594444,"6.186111111,-74.99594444"
GEIH-2022-00314,PEND.RESULT.GENETICA,"-74,99594444","6,186111111",NO_IDENTIF_EN_PROCES,ANTIOQUIA,SAN_CARLOS,6.186111111,-74.99594444,"6.186111111,-74.99594444"
GEIH-2022-00315,PEND.RESULT.GENETICA,"-74,99594444","6,186111111",NO_IDENTIF_EN_PROCES,ANTIOQUIA,SAN_CARLOS,6.186111111,-74.99594444,"6.186111111,-74.99594444"
GEIH-2022-00316,PEND.RESULT.GENETICA,"-74,99594444","6,186111111",NO_IDENTIF_EN_PROCES,ANTIOQUIA,SAN_CARLOS,6.186111111,-74.99594444,"6.186111111,-74.99594444"
GEIH-2022-00317,PENDIENTE DE ASIGNACION,"-74,99594444","6,186111111",,ANTIOQUIA,SAN_CARLOS,6.186111111,-74.99594444,"6.186111111,-74.99594444"
GEIH-2022-00318,PEND.RESULT.GENETICA,"-74,99594444","6,186111111",NO_IDENTIF_EN_PROCES,ANTIOQUIA,SAN_CARLOS,6.186111111,-74.99594444,"6.186111111,-74.99594444"
GEIH-2022-00319,PROCESO DE ADMISION,"-74,99594444","6,186111111",,ANTIOQUIA,SAN_CARLOS,6.186111111,-74.99594444,"6.186111111,-74.99594444"
GEIH-2022-00320,PEND.RESULT.GENETICA,"-74,84663889","6,67325",NO_IDENTIF_EN_PROCES,ANTIOQUIA,YALÍ,6.67325,-74.84663889,"6.67325,-74.84663889"
GEIH-2022-00321,PROCESO DE ADMISION,"-74,8465","6,67325",,ANTIOQUIA,YALÍ,6.67325,-74.8465,"6.67325,-74.8465"
GEIH-2022-00322,PEND.RESULT.GENETICA,"-74,8465","6,67325",NO_IDENTIF_EN_PROCES,ANTIOQUIA,YALÍ,6.67325,-74.8465,"6.67325,-74.8465"
GEIH-2022-00323,CERRADO,"-75,00719444","6,602583333",IDENTIF_ENTREGADO,ANTIOQUIA,YOLOMBÓ,6.602583333,-75.00719444,"6.602583333,-75.00719444"
GEIH-2022-00324,PROCESO DE ADMISION,"-75,40661111","6,369166667",,ANTIOQUIA,GIRARDOTA,6.369166667,-75.40661111,"6.369166667,-75.40661111"
GEIH-2022-00325,PEND.RESULT.GENETICA,"-75,43666667","7,169444444",NO_IDENTIF_EN_PROCES,ANTIOQUIA,VALDIVIA,7.169444444,-75.43666667,"7.169444444,-75.43666667"
GEIH-2022-00326,PEND.RESULT.GENETICA,"-75,43666667","7,169444444",NO_IDENTIF_EN_PROCES,ANTIOQUIA,VALDIVIA,7.169444444,-75.43666667,"7.169444444,-75.43666667"
GEIH-2022-00327,EN CURSO,"-75,43666667","7,169444444",NO_IDENTIF_EN_PROCES,ANTIOQUIA,VALDIVIA,7.169444444,-75.43666667,"7.169444444,-75.43666667"
GEIH-2022-00328,PEND.RESULT.GENETICA,"-75,43666667","7,169444444",NO_IDENTIF_EN_PROCES,ANTIOQUIA,VALDIVIA,7.169444444,-75.43666667,"7.169444444,-75.43666667"
GEIH-2022-00329,PEND.RESULT.GENETICA,"-75,43666667","7,169444444",NO_IDENTIF_EN_PROCES,ANTIOQUIA,VALDIVIA,7.169444444,-75.43666667,"7.169444444,-75.43666667"
GEIH-2022-00330,EN CURSO,"-75,43666667","7,169444444",IDENTIF_ENTREGADO,ANTIOQUIA,VALDIVIA,7.169444444,-75.43666667,"7.169444444,-75.43666667"
GEIH-2022-00331,PEND.RESULT.GENETICA,"-75,43666667","7,169444444",NO_IDENTIF_EN_PROCES,ANTIOQUIA,VALDIVIA,7.169444444,-75.43666667,"7.169444444,-75.43666667"
GEIH-2022-00332,EN CURSO,"-75,43666667","7,169444444",NO_IDENTIF_EN_PROCES,ANTIOQUIA,VALDIVIA,7.169444444,-75.43666667,"7.169444444,-75.43666667"
GEIH-2022-00333,PEND.RESULT.GENETICA,"-75,43666667","7,169444444",NO_IDENTIF_EN_PROCES,ANTIOQUIA,VALDIVIA,7.169444444,-75.43666667,"7.169444444,-75.43666667"
GEIH-2022-00334,PEND.RESULT.GENETICA,"-75,43666667","7,169444444",NO_IDENTIF_EN_PROCES,ANTIOQUIA,VALDIVIA,7.169444444,-75.43666667,"7.169444444,-75.43666667"
GEIH-2022-00335,PEND.RESULT.GENETICA,"-75,43669444","7,169361111",NO_IDENTIFICADO,ANTIOQUIA,VALDIVIA,7.169361111,-75.43669444,"7.169361111,-75.43669444"
GEIH-2022-00336,PROCESO DE ADMISION,"-74,73116667","5,736472222",,ANTIOQUIA,SONSON,5.736472222,-74.73116667,"5.736472222,-74.73116667"
GEIH-2022-00337,CERRADO,"-75,8579167","8,74144444",IDENTIF_ENTREGADO,CÓRDOBA,MONTERÍA,8.74144444,-75.8579167,"8.74144444,-75.8579167"
GEIH-2022-00338,CERRADO,"-75,8579167","8,74144444",IDENTIF_ENTREGADO,CÓRDOBA,MONTERÍA,8.74144444,-75.8579167,"8.74144444,-75.8579167"
GEIH-2022-00339,PEND.RESULT.GENETICA,"-74,98333333","6,183611111",NO_IDENTIF_EN_PROCES,ANTIOQUIA,SAN_CARLOS,6.183611111,-74.98333333,"6.183611111,-74.98333333"
GEIH-2022-00340,PEND.RESULT.GENETICA,"-77,39861111","6,221944444",NO_IDENTIFICADO,CHOCÓ,BAHÍA SOLANO,6.221944444,-77.39861111,"6.221944444,-77.39861111"
GEIH-2023-00341,PENDIENTE DE ASIGNACION,"-75,9155556","6,05625",,ANTIOQUIA,BETULIA,6.05625,-75.9155556,"6.05625,-75.9155556"
GEIH-2023-00342,PENDIENTE DE ASIGNACION,-76.635,"7,88472",,ANTIOQUIA,APARTADÓ,7.88472,-76.635,"7.88472,-76.635"
GEIH-2023-00343,PENDIENTE DE ASIGNACION,-76.635,"7,88472",,ANTIOQUIA,APARTADÓ,7.88472,-76.635,"7.88472,-76.635"
GEIH-2023-00344,PENDIENTE DE ASIGNACION,-76.7283,"8,09305",,ANTIOQUIA,TURBO,8.09305,-76.7283,"8.09305,-76.7283"
GEIH-2023-00345,PENDIENTE DE ASIGNACION,-76.68138,"﻿7,6697",NO_IDENTIF_EN_PROCES,ANTIOQUIA,CHIGORODÓ,"﻿.,6697",-76.68138,"﻿.,6697,-76.68138"
GEIH-2023-00346,PENDIENTE DE ASIGNACION,-76.68138,"7,6697",,ANTIOQUIA,CHIGORODÓ,7.6697,-76.68138,"7.6697,-76.68138"
GEIH-2023-00347,PENDIENTE DE ASIGNACION,-76.68138,"7,6697",,ANTIOQUIA,CHIGORODÓ,7.6697,-76.68138,"7.6697,-76.68138"
GEIH-2023-00348,PENDIENTE DE ASIGNACION,-76.68138,"7,6697",,ANTIOQUIA,CHIGORODÓ,7.6697,-76.68138,"7.6697,-76.68138"
GEIH-2023-00349,PENDIENTE DE ASIGNACION,-76.68138,"7,6697",,ANTIOQUIA,CHIGORODÓ,7.6697,-76.68138,"7.6697,-76.68138"
GEIH-2023-00350,PENDIENTE DE ASIGNACION,-76.68138,"7,6697",,ANTIOQUIA,CHIGORODÓ,7.6697,-76.68138,"7.6697,-76.68138"
GEIH-2023-00351,PENDIENTE DE ASIGNACION,-76.68138,"7,6697",,ANTIOQUIA,CHIGORODÓ,7.6697,-76.68138,"7.6697,-76.68138"
GEIH-2023-00352,PENDIENTE DE ASIGNACION,-76.68138,"7,6697",,ANTIOQUIA,CHIGORODÓ,7.6697,-76.68138,"7.6697,-76.68138"
GEIH-2023-00353,PENDIENTE DE ASIGNACION,-76.68138,"7,6697",,ANTIOQUIA,CHIGORODÓ,7.6697,-76.68138,"7.6697,-76.68138"
GEIH-2023-00354,PENDIENTE DE ASIGNACION,-76.68138,"7,6697",,ANTIOQUIA,CHIGORODÓ,7.6697,-76.68138,"7.6697,-76.68138"
GEIH-2023-00355,PENDIENTE DE ASIGNACION,-76.68138,"7,6697",,ANTIOQUIA,CHIGORODÓ,7.6697,-76.68138,"7.6697,-76.68138"
GEIH-2023-00356,PENDIENTE DE ASIGNACION,-76.68138,"7,6697",,ANTIOQUIA,CHIGORODÓ,7.6697,-76.68138,"7.6697,-76.68138"
GEIH-2023-00357,PENDIENTE DE ASIGNACION,-76.68138,"7,6697",,ANTIOQUIA,CHIGORODÓ,7.6697,-76.68138,"7.6697,-76.68138"
GEIH-2023-00358,PENDIENTE DE ASIGNACION,-76.68138,"7,6697",,ANTIOQUIA,CHIGORODÓ,7.6697,-76.68138,"7.6697,-76.68138"
GEIH-2023-00359,PENDIENTE DE ASIGNACION,-76.68138,"7,6697",,ANTIOQUIA,CHIGORODÓ,7.6697,-76.68138,"7.6697,-76.68138"
GEIH-2023-00360,PENDIENTE DE ASIGNACION,-76.68138,"7,6697",,ANTIOQUIA,CHIGORODÓ,7.6697,-76.68138,"7.6697,-76.68138"
GEIH-2023-00361,PROCESO DE ADMISION,"-77,39861111","6,221944444",,CHOCÓ,BAHÍA SOLANO,6.221944444,-77.39861111,"6.221944444,-77.39861111"
GEIH-2023-00362,PROCESO DE ADMISION,-75.67388,"5,926666",,ANTIOQUIA,FREDONIA,5.926666,-75.67388,"5.926666,-75.67388"
GEIH-2023-00363,PROCESO DE ADMISION,-74.9922,"61,872",,ANTIOQUIA,SAN_CARLOS,"6.,872",-74.9922,"6.,872,-74.9922"
GEIH-2023-00364,PROCESO DE ADMISION,-74.9922,"61,872",,ANTIOQUIA,SAN_CARLOS,"6.,872",-74.9922,"6.,872,-74.9922"
GEIH-2023-00365,PROCESO DE ADMISION,-74.9922,"61,872",,ANTIOQUIA,SAN_CARLOS,"6.,872",-74.9922,"6.,872,-74.9922"
GEIH-2023-00366,PROCESO DE ADMISION,-74.9922,"61,872",,ANTIOQUIA,SAN_CARLOS,"6.,872",-74.9922,"6.,872,-74.9922"
GEIH-2023-00367,PROCESO DE ADMISION,-74.9922,"61,872",,ANTIOQUIA,SAN_CARLOS,"6.,872",-74.9922,"6.,872,-74.9922"
GEIH-2023-00368,PROCESO DE ADMISION,-74.9922,"61,872",,ANTIOQUIA,SAN_CARLOS,"6.,872",-74.9922,"6.,872,-74.9922"
GEIH-2023-00369,PROCESO DE ADMISION,-74.9922,"61,872",,ANTIOQUIA,SAN_CARLOS,"6.,872",-74.9922,"6.,872,-74.9922"
GEIH-2023-00370,PROCESO DE ADMISION,-74.9922,"61,872",,ANTIOQUIA,SAN_CARLOS,"6.,872",-74.9922,"6.,872,-74.9922"
GEIH-2023-00371,EN CURSO,"-76,6775","7,680111111",NO_IDENTIFICADO,ANTIOQUIA,CHIGORODÓ,7.680111111,-76.6775,"7.680111111,-76.6775"
GEIH-2023-00372,PEND.RESULT.GENETICA,"-74,73116667","5,736472222",IDENTIF_NO_ENTREGADO,ANTIOQUIA,SONSON,5.736472222,-74.73116667,"5.736472222,-74.73116667"
GEIH-2023-00373,PEND.RESULT.GENETICA,"-75,43669444","7,169361111",NO_IDENTIFICADO,ANTIOQUIA,VALDIVIA,7.169361111,-75.43669444,"7.169361111,-75.43669444"
GEIH-2023-00374,PROCESO DE ADMISION,"-75,472","6,278",,ANTIOQUIA,MEDELLÍN,6.278,-75.472,"6.278,-75.472"
GEIH-2023-00375,PROCESO DE ADMISION,"-74,99594444","6,186111111",,ANTIOQUIA,SAN_CARLOS,6.186111111,-74.99594444,"6.186111111,-74.99594444"
GEIH-2023-00376,PROCESO DE ADMISION,"-74,99594444","6,186111111",,ANTIOQUIA,SAN_CARLOS,6.186111111,-74.99594444,"6.186111111,-74.99594444"
GEIH-2023-00377,PENDIENTE DE ASIGNACION,"-74,99594444","6,186111111",,ANTIOQUIA,SAN_CARLOS,6.186111111,-74.99594444,"6.186111111,-74.99594444"
GEIH-2023-00378,PENDIENTE DE ASIGNACION,"-74,91261111","6,186111111",,ANTIOQUIA,SAN_CARLOS,6.186111111,-74.91261111,"6.186111111,-74.91261111"
GEIH-2023-00379,PENDIENTE DE ASIGNACION,"-74,91261111","6,186111111",,ANTIOQUIA,SAN_CARLOS,6.186111111,-74.91261111,"6.186111111,-74.91261111"
GEIH-2023-00380,PENDIENTE DE ASIGNACION,"-74,91261111","6,186111111",,ANTIOQUIA,SAN_CARLOS,6.186111111,-74.91261111,"6.186111111,-74.91261111"
GEIH-2024-00381,PENDIENTE DE ASIGNACION,"-75,67277778","7,891777778",,CÓRDOBA,PUERTO LIBERTADOR,7.891777778,-75.67277778,"7.891777778,-75.67277778"
GEIH-2024-00382,PENDIENTE DE ASIGNACION,"-75,30833333","5,075833333",,ANTIOQUIA,SONSON,5.075833333,-75.30833333,"5.075833333,-75.30833333"
GEIH-2024-00383,PENDIENTE DE ASIGNACION,"-75,30805556","5,703361111",,ANTIOQUIA,SONSON,5.703361111,-75.30805556,"5.703361111,-75.30805556"
GEIH-2024-00384,PENDIENTE DE ASIGNACION,"-75,30805556","5,703361111",,ANTIOQUIA,SONSON,5.703361111,-75.30805556,"5.703361111,-75.30805556"
GEIH-2024-00385,PENDIENTE DE ASIGNACION,"-75,30805556","5,703361111",,ANTIOQUIA,SONSON,5.703361111,-75.30805556,"5.703361111,-75.30805556"
GEIH-2024-00386,PENDIENTE DE ASIGNACION,"-75,30805556","5,703361111",,ANTIOQUIA,SONSON,5.703361111,-75.30805556,"5.703361111,-75.30805556"
GEIH-2024-00387,PENDIENTE DE ASIGNACION,"-75,30805556","5,703361111",,ANTIOQUIA,SONSON,5.703361111,-75.30805556,"5.703361111,-75.30805556"
GEIH-2024-00388,PENDIENTE DE ASIGNACION,"-75,30805556","5,703361111",,ANTIOQUIA,SONSON,5.703361111,-75.30805556,"5.703361111,-75.30805556"
GEIH-2024-00389,PENDIENTE DE ASIGNACION,"-75,30805556","5,703361111",,ANTIOQUIA,SONSON,5.703361111,-75.30805556,"5.703361111,-75.30805556"
GEIH-2024-00390,PENDIENTE DE ASIGNACION,"-75,30805556","5,703361111",,ANTIOQUIA,SONSON,5.703361111,-75.30805556,"5.703361111,-75.30805556"
GEIH-2024-00391,PENDIENTE DE ASIGNACION,"-75,30805556","5,703361111",,ANTIOQUIA,SONSON,5.703361111,-75.30805556,"5.703361111,-75.30805556"
GEIH-2024-00392,PENDIENTE DE ASIGNACION,"-75,30805556","5,703361111",,ANTIOQUIA,SONSON,5.703361111,-75.30805556,"5.703361111,-75.30805556"
GEIH-2024-00393,PENDIENTE DE ASIGNACION,"-75,30805556","5,703361111",,ANTIOQUIA,SONSON,5.703361111,-75.30805556,"5.703361111,-75.30805556"
GEIH-2024-00394,PENDIENTE DE ASIGNACION,"-75,30805556","5,703361111",,ANTIOQUIA,SONSON,5.703361111,-75.30805556,"5.703361111,-75.30805556"
GEIH-2024-00395,PENDIENTE DE ASIGNACION,"-75,30805556","5,703361111",,ANTIOQUIA,SONSON,5.703361111,-75.30805556,"5.703361111,-75.30805556"
GEIH-2024-00396,PENDIENTE DE ASIGNACION,"-75,30805556","5,703361111",,ANTIOQUIA,SONSON,5.703361111,-75.30805556,"5.703361111,-75.30805556"
GEIH-2024-00397,PENDIENTE DE ASIGNACION,"-75,30805556","5,703361111",,ANTIOQUIA,SONSON,5.703361111,-75.30805556,"5.703361111,-75.30805556"
GEIH-2024-00398,PENDIENTE DE ASIGNACION,"-75,30805556","5,703361111",,ANTIOQUIA,SONSON,5.703361111,-75.30805556,"5.703361111,-75.30805556"
GEIH-2024-00399,PENDIENTE DE ASIGNACION,"-75,30805556","5,703361111",,ANTIOQUIA,SONSON,5.703361111,-75.30805556,"5.703361111,-75.30805556"
GEIH-2024-00400,PENDIENTE DE ASIGNACION,"-75,30805556","5,703361111",,ANTIOQUIA,SONSON,5.703361111,-75.30805556,"5.703361111,-75.30805556"
GEIH-2024-00401,PENDIENTE DE ASIGNACION,"-75,30805556","5,703361111",,ANTIOQUIA,SONSON,5.703361111,-75.30805556,"5.703361111,-75.30805556"
GEIH-2024-00402,PENDIENTE DE ASIGNACION,"-75,30805556","5,703361111",,ANTIOQUIA,SONSON,5.703361111,-75.30805556,"5.703361111,-75.30805556"
GEIH-2024-00403,PENDIENTE DE ASIGNACION,"-75,30805556","5,703361111",,ANTIOQUIA,SONSON,5.703361111,-75.30805556,"5.703361111,-75.30805556"
GEIH-2024-00404,PENDIENTE DE ASIGNACION,"-75,30833333","5,703361111",,ANTIOQUIA,SONSON,5.703361111,-75.30833333,"5.703361111,-75.30833333"
GEIH-2024-00405,PENDIENTE DE ASIGNACION,"-75,30805556","5,703361111",,ANTIOQUIA,SONSON,5.703361111,-75.30805556,"5.703361111,-75.30805556"
GEIH-2024-00406,PENDIENTE DE ASIGNACION,"-75,30805556","5,703361111",,ANTIOQUIA,SONSON,5.703361111,-75.30805556,"5.703361111,-75.30805556"
GEIH-2024-00407,PENDIENTE DE ASIGNACION,"-75,30805556","5,703361111",,ANTIOQUIA,SONSON,5.703361111,-75.30805556,"5.703361111,-75.30805556"
GEIH-2024-00408,PENDIENTE DE ASIGNACION,"-75,30805556","5,703361111",,ANTIOQUIA,SONSON,5.703361111,-75.30805556,"5.703361111,-75.30805556"
GEIH-2024-00409,PENDIENTE DE ASIGNACION,"-75,30805556","5,703361111",,ANTIOQUIA,SONSON,5.703361111,-75.30805556,"5.703361111,-75.30805556"
GEIH-2024-00410,PENDIENTE DE ASIGNACION,"-75,30805556","5,703361111",,ANTIOQUIA,MEDELLÍN,5.703361111,-75.30805556,"5.703361111,-75.30805556"
GEIH-2024-00411,PENDIENTE DE ASIGNACION,"-75,30805556","5,703361111",,ANTIOQUIA,SONSON,5.703361111,-75.30805556,"5.703361111,-75.30805556"
GEIH-2024-00412,PENDIENTE DE ASIGNACION,"-75,30805556","5,703361111",,ANTIOQUIA,SONSON,5.703361111,-75.30805556,"5.703361111,-75.30805556"
GEIH-2024-00413,PENDIENTE DE ASIGNACION,"-75,30805556","5,703361111",,ANTIOQUIA,SONSON,5.703361111,-75.30805556,"5.703361111,-75.30805556"
GEIH-2024-00414,PENDIENTE DE ASIGNACION,"-75,30805556","5,703361111",,ANTIOQUIA,SONSON,5.703361111,-75.30805556,"5.703361111,-75.30805556"
GEIH-2024-00415,PENDIENTE DE ASIGNACION,"-75,30805556","5,703361111",,ANTIOQUIA,SONSON,5.703361111,-75.30805556,"5.703361111,-75.30805556"
GEIH-2024-00416,PENDIENTE DE ASIGNACION,"-75,30805556","5,703361111",,ANTIOQUIA,SONSON,5.703361111,-75.30805556,"5.703361111,-75.30805556"
GEIH-2024-00417,PENDIENTE DE ASIGNACION,"-75,30805556","5,703361111",,ANTIOQUIA,SONSON,5.703361111,-75.30805556,"5.703361111,-75.30805556"
GEIH-2024-00418,PENDIENTE DE ASIGNACION,"-75,30805556","5,703361111",,ANTIOQUIA,SONSON,5.703361111,-75.30805556,"5.703361111,-75.30805556"
GEIH-2024-00419,PENDIENTE DE ASIGNACION,"-75,30805556","5,703361111",,ANTIOQUIA,MEDELLÍN,5.703361111,-75.30805556,"5.703361111,-75.30805556"
GEIH-2024-00420,PENDIENTE DE ASIGNACION,"-75,30805556","5,703361111",,ANTIOQUIA,SONSON,5.703361111,-75.30805556,"5.703361111,-75.30805556"
GEIH-2024-00421,PENDIENTE DE ASIGNACION,"-75,30805556","5,703361111",,ANTIOQUIA,SONSON,5.703361111,-75.30805556,"5.703361111,-75.30805556"
GEIH-2024-00422,PENDIENTE DE ASIGNACION,"-75,30805556","5,703361111",,ANTIOQUIA,SONSON,5.703361111,-75.30805556,"5.703361111,-75.30805556"
GEIH-2024-00423,PEND.RESULT.GENETICA,"-75,30805556","5,703361111",IDENTIF_ENTREGADO,ANTIOQUIA,SONSON,5.703361111,-75.30805556,"5.703361111,-75.30805556"
GEIH-2024-00424,PENDIENTE DE ASIGNACION,"-75,55711111","6,349444444",,ANTIOQUIA,BELLO,6.349444444,-75.55711111,"6.349444444,-75.55711111"
GEIH-2024-00425,PENDIENTE DE ASIGNACION,"-75,55711111","6,30080556",,ANTIOQUIA,BELLO,6.30080556,-75.55711111,"6.30080556,-75.55711111"
GEIH-2024-00426,PENDIENTE DE ASIGNACION,"-75,55711111","6,349444444",,ANTIOQUIA,BELLO,6.349444444,-75.55711111,"6.349444444,-75.55711111"
GEIH-2024-00427,PENDIENTE DE ASIGNACION,"-75,55711111","6,30080556",,ANTIOQUIA,BELLO,6.30080556,-75.55711111,"6.30080556,-75.55711111"
GEIH-2024-00428,PENDIENTE DE ASIGNACION,"-75,55711111","6,30080556",,ANTIOQUIA,BELLO,6.30080556,-75.55711111,"6.30080556,-75.55711111"
GEIH-2024-00429,PENDIENTE DE ASIGNACION,"-75,55711111","6,30080556",,ANTIOQUIA,BELLO,6.30080556,-75.55711111,"6.30080556,-75.55711111"
GEIH-2024-00430,PENDIENTE DE ASIGNACION,"-75,55711111","6,30080556",,ANTIOQUIA,BELLO,6.30080556,-75.55711111,"6.30080556,-75.55711111"
GEIH-2024-00431,PENDIENTE DE ASIGNACION,"-76,48275","7,943111111",,ANTIOQUIA,APARTADÓ,7.943111111,-76.48275,"7.943111111,-76.48275"
GEIH-2024-00432,PENDIENTE DE ASIGNACION,"-76,48444444","7,925694444",,ANTIOQUIA,APARTADÓ,7.925694444,-76.48444444,"7.925694444,-76.48444444"
GEIH-2024-00433,PENDIENTE DE ASIGNACION,"-76,48444444","7,925694444",,ANTIOQUIA,APARTADÓ,7.925694444,-76.48444444,"7.925694444,-76.48444444"
GEIH-2024-00434,PENDIENTE DE ASIGNACION,"-76,52188889","7,917305556",,ANTIOQUIA,APARTADÓ,7.917305556,-76.52188889,"7.917305556,-76.52188889"
GEIH-2024-00435,PENDIENTE DE ASIGNACION,"-76,521","7,916888889",,ANTIOQUIA,APARTADÓ,7.916888889,-76.521,"7.916888889,-76.521"
GEIH-2024-00436,PENDIENTE DE ASIGNACION,"-76,48130556","7,934638889",,ANTIOQUIA,APARTADÓ,7.934638889,-76.48130556,"7.934638889,-76.48130556"
GEIH-2025-00437,PENDIENTE DE ASIGNACION,"-76,13","6,778611",,ANTIOQUIA,FRONTINO,6.778611,-76.13,"6.778611,-76.13"
GEIH-2025-00438,PENDIENTE DE ASIGNACION,"-76,13","6,778611",,ANTIOQUIA,FRONTINO,6.778611,-76.13,"6.778611,-76.13"
GEIH-2025-00439,PENDIENTE DE ASIGNACION,"-76,13","6,778611",,ANTIOQUIA,FRONTINO,6.778611,-76.13,"6.778611,-76.13"
GEIH-2025-00440,PENDIENTE DE ASIGNACION,"-76,13","6,778611",,ANTIOQUIA,FRONTINO,6.778611,-76.13,"6.778611,-76.13"